Workbook

Sheet 📊ダッシュボード
B2: 📊 手動トレード戦績 · 5 手法 比較ダッシュボード
B3: 各手法のシートにトレードを記録 → ここで横並び比較。「どの手法が勝てるか」を客観評価。
B5: 🎯 手法別パフォーマンス (5 手法横並び)
B6: 指標 | C6: TRIPLE | D6: ORZ | E6: PDHL | F6: BOTH | G6: CLAUDE
B7: 件数 | C7: ='TRIPLE'!C4 | D7: ='ORZ'!C4 | E7: ='PDHL'!C4 | F7: ='BOTH'!C4 | G7: ='CLAUDE'!C4
B8: 勝率 | C8: ='TRIPLE'!C5 | D8: ='ORZ'!C5 | E8: ='PDHL'!C5 | F8: ='BOTH'!C5 | G8: ='CLAUDE'!C5
B9: 平均 RR (計画) | C9: ='TRIPLE'!C6 | D9: ='ORZ'!C6 | E9: ='PDHL'!C6 | F9: ='BOTH'!C6 | G9: ='CLAUDE'!C6
B10: PF | C10: ='TRIPLE'!C7 | D10: ='ORZ'!C7 | E10: ='PDHL'!C7 | F10: ='BOTH'!C7 | G10: ='CLAUDE'!C7
B11: 期待値 (R) | C11: ='TRIPLE'!C8 | D11: ='ORZ'!C8 | E11: ='PDHL'!C8 | F11: ='BOTH'!C8 | G11: ='CLAUDE'!C8
B12: 累計 R | C12: ='TRIPLE'!C9 | D12: ='ORZ'!C9 | E12: ='PDHL'!C9 | F12: ='BOTH'!C9 | G12: ='CLAUDE'!C9
B13: 累計損益 ¥ | C13: ='TRIPLE'!C10 | D13: ='ORZ'!C10 | E13: ='PDHL'!C10 | F13: ='BOTH'!C10 | G13: ='CLAUDE'!C10
B14: 最大 DD (R) | C14: ='TRIPLE'!C11 | D14: ='ORZ'!C11 | E14: ='PDHL'!C11 | F14: ='BOTH'!C11 | G14: ='CLAUDE'!C11
B15: 勝ち平均 R | C15: ='TRIPLE'!C12 | D15: ='ORZ'!C12 | E15: ='PDHL'!C12 | F15: ='BOTH'!C12 | G15: ='CLAUDE'!C12
B16: 負け平均 R | C16: ='TRIPLE'!C13 | D16: ='ORZ'!C13 | E16: ='PDHL'!C13 | F16: ='BOTH'!C13 | G16: ='CLAUDE'!C13
B17: 評価 S 件数 | C17: ='TRIPLE'!C14 | D17: ='ORZ'!C14 | E17: ='PDHL'!C14 | F17: ='BOTH'!C14 | G17: ='CLAUDE'!C14
B18: 評価 D 件数 | C18: ='TRIPLE'!C15 | D18: ='ORZ'!C15 | E18: ='PDHL'!C15 | F18: ='BOTH'!C15 | G18: ='CLAUDE'!C15
B21: 💡 全体サマリ
B22: 総トレード数 (全手法合計) | C22: ='TRIPLE'!C4+'ORZ'!C4+'PDHL'!C4+'BOTH'!C4+'CLAUDE'!C4
B23: 全手法 合計累計 R | C23: ='TRIPLE'!C9+'ORZ'!C9+'PDHL'!C9+'BOTH'!C9+'CLAUDE'!C9
B24: 全手法 合計累計損益 ¥ | C24: ='TRIPLE'!C10+'ORZ'!C10+'PDHL'!C10+'BOTH'!C10+'CLAUDE'!C10
B25: 現在残高 | C25: =設定!C3+('TRIPLE'!C10+'ORZ'!C10+'PDHL'!C10+'BOTH'!C10+'CLAUDE'!C10)
B28: 💡 使い方: 1. 手法シート (ORZ / PDHL / BOTH / CLAUDE / TRIPLE) でトレードを記録 2. このダッシュボードで横並び比較 3. 累計 R が +EV の手法を継続、 -EV を停止判断 4. 「評価」列で S/A ランクが多い手法 = 自分のスキルが乗っている手法

Sheet TRIPLE
A1: TRIPLE · 手動トレード履歴
A2: ORZ + PDHL + Claude の 3 手法すべてが合意したときのみ発火。最も厳しく、Backtest で唯一の +EV を実証 (PF 3.42)。
B3: 📊 集計サマリ | E3: 🏅 トレード評価分布 | I3: 📝 TRIPLE で学んだこと · 観察メモ
B4: 件数 | C4: =COUNT(R18:R217) | E4: S ランク | F4: =COUNTIF(U18:U217,"S") | G4: =IFERROR(F4/COUNTA(U18:U217),0) | H4: 完璧 (計画通り + 理想的展開) | I4: (ここに TRIPLE で気づいたこと・パターン・反省を自由記述。例: ・東京時間の発火は勝率が低い、ロンドン時間に絞ると改善 ・スコア 80+ のシグナルだけ取ると勝率が劇的に上がる ・SL を少しタイトめにすると RR 向上)
B5: 勝率 | C5: =IFERROR(COUNTIF(R18:R217,">0")/COUNT(R18:R217),0) | E5: A ランク | F5: =COUNTIF(U18:U217,"A") | G5: =IFERROR(F5/COUNTA(U18:U217),0) | H5: 良い (利益確保)
B6: 平均 RR (計画) | C6: =IFERROR(AVERAGE(P18:P217),0) | E6: B ランク | F6: =COUNTIF(U18:U217,"B") | G6: =IFERROR(F6/COUNTA(U18:U217),0) | H6: 普通 (微益微損)
B7: PF | C7: =IFERROR(SUMIF(R18:R217,">0")/-SUMIF(R18:R217,"<0"),0) | E7: C ランク | F7: =COUNTIF(U18:U217,"C") | G7: =IFERROR(F7/COUNTA(U18:U217),0) | H7: 悪い (損失だが学びあり)
B8: 期待値 (R) | C8: =IFERROR(AVERAGE(R18:R217),0) | E8: D ランク | F8: =COUNTIF(U18:U217,"D") | G8: =IFERROR(F8/COUNTA(U18:U217),0) | H8: 失敗 (規律違反含む)
B9: 累計 R | C9: =SUM(R18:R217)
B10: 累計損益 ¥ | C10: =SUM(T18:T217)
B11: 最大 DD (R) | C11: =IFERROR(MAX(S18:S217)-MIN(S18:S217),0)
B12: 勝ち平均 R | C12: =IFERROR(AVERAGEIF(R18:R217,">0"),0)
B13: 負け平均 R | C13: =IFERROR(AVERAGEIF(R18:R217,"<0"),0)
B14: 評価 S 件数 | C14: =COUNTIF(U18:U217,"S")
B15: 評価 D 件数 | C15: =COUNTIF(U18:U217,"D")
A17: # | B17: 日付 | C17: 通貨ペア | D17: 方向 | E17: スコア | F17: 計画Entry | G17: 実Entry | H17: 計画SL | I17: 実SL | J17: 計画TP | K17: 実TP | L17: ロット | M17: 決済価格 | N17: 決済理由 | O17: 実SL pips | P17: 計画RR | Q17: 損益 pips | R17: R-mult | S17: 累計R | T17: 損益 ¥ | U17: 評価 | V17: 学び / 反省
A18: =IF(ISBLANK(B18),"",COUNTA($B$18:B18)) | O18: =IFERROR(IF(OR(ISBLANK(G18),ISBLANK(I18)),"",ABS(G18-I18)/VLOOKUP(C18,設定!$B$9:$D$23,2,FALSE)),"") | P18: =IFERROR(IF(OR(ISBLANK(F18),ISBLANK(H18),ISBLANK(J18)),"",ABS(J18-F18)/ABS(F18-H18)),"") | Q18: =IFERROR(IF(OR(ISBLANK(M18),ISBLANK(D18),ISBLANK(G18)),"",IF(D18="Long",(M18-G18),(G18-M18))/VLOOKUP(C18,設定!$B$9:$D$23,2,FALSE)),"") | R18: =IFERROR(IF(OR(ISBLANK(Q18),O18=0),"",Q18/O18),"") | S18: =IFERROR(IF(ISBLANK(R18),"",R18),"") | T18: =IFERROR(IF(OR(ISBLANK(Q18),ISBLANK(L18)),"",Q18*L18*VLOOKUP(C18,設定!$B$9:$D$23,3,FALSE)),"")
A19: =IF(ISBLANK(B19),"",COUNTA($B$18:B19)) | O19: =IFERROR(IF(OR(ISBLANK(G19),ISBLANK(I19)),"",ABS(G19-I19)/VLOOKUP(C19,設定!$B$9:$D$23,2,FALSE)),"") | P19: =IFERROR(IF(OR(ISBLANK(F19),ISBLANK(H19),ISBLANK(J19)),"",ABS(J19-F19)/ABS(F19-H19)),"") | Q19: =IFERROR(IF(OR(ISBLANK(M19),ISBLANK(D19),ISBLANK(G19)),"",IF(D19="Long",(M19-G19),(G19-M19))/VLOOKUP(C19,設定!$B$9:$D$23,2,FALSE)),"") | R19: =IFERROR(IF(OR(ISBLANK(Q19),O19=0),"",Q19/O19),"") | S19: =IFERROR(IF(ISBLANK(R19),S18,IF(ISNUMBER(S18),S18,0)+R19),"") | T19: =IFERROR(IF(OR(ISBLANK(Q19),ISBLANK(L19)),"",Q19*L19*VLOOKUP(C19,設定!$B$9:$D$23,3,FALSE)),"")
A20: =IF(ISBLANK(B20),"",COUNTA($B$18:B20)) | O20: =IFERROR(IF(OR(ISBLANK(G20),ISBLANK(I20)),"",ABS(G20-I20)/VLOOKUP(C20,設定!$B$9:$D$23,2,FALSE)),"") | P20: =IFERROR(IF(OR(ISBLANK(F20),ISBLANK(H20),ISBLANK(J20)),"",ABS(J20-F20)/ABS(F20-H20)),"") | Q20: =IFERROR(IF(OR(ISBLANK(M20),ISBLANK(D20),ISBLANK(G20)),"",IF(D20="Long",(M20-G20),(G20-M20))/VLOOKUP(C20,設定!$B$9:$D$23,2,FALSE)),"") | R20: =IFERROR(IF(OR(ISBLANK(Q20),O20=0),"",Q20/O20),"") | S20: =IFERROR(IF(ISBLANK(R20),S19,IF(ISNUMBER(S19),S19,0)+R20),"") | T20: =IFERROR(IF(OR(ISBLANK(Q20),ISBLANK(L20)),"",Q20*L20*VLOOKUP(C20,設定!$B$9:$D$23,3,FALSE)),"")
A21: =IF(ISBLANK(B21),"",COUNTA($B$18:B21)) | O21: =IFERROR(IF(OR(ISBLANK(G21),ISBLANK(I21)),"",ABS(G21-I21)/VLOOKUP(C21,設定!$B$9:$D$23,2,FALSE)),"") | P21: =IFERROR(IF(OR(ISBLANK(F21),ISBLANK(H21),ISBLANK(J21)),"",ABS(J21-F21)/ABS(F21-H21)),"") | Q21: =IFERROR(IF(OR(ISBLANK(M21),ISBLANK(D21),ISBLANK(G21)),"",IF(D21="Long",(M21-G21),(G21-M21))/VLOOKUP(C21,設定!$B$9:$D$23,2,FALSE)),"") | R21: =IFERROR(IF(OR(ISBLANK(Q21),O21=0),"",Q21/O21),"") | S21: =IFERROR(IF(ISBLANK(R21),S20,IF(ISNUMBER(S20),S20,0)+R21),"") | T21: =IFERROR(IF(OR(ISBLANK(Q21),ISBLANK(L21)),"",Q21*L21*VLOOKUP(C21,設定!$B$9:$D$23,3,FALSE)),"")
A22: =IF(ISBLANK(B22),"",COUNTA($B$18:B22)) | O22: =IFERROR(IF(OR(ISBLANK(G22),ISBLANK(I22)),"",ABS(G22-I22)/VLOOKUP(C22,設定!$B$9:$D$23,2,FALSE)),"") | P22: =IFERROR(IF(OR(ISBLANK(F22),ISBLANK(H22),ISBLANK(J22)),"",ABS(J22-F22)/ABS(F22-H22)),"") | Q22: =IFERROR(IF(OR(ISBLANK(M22),ISBLANK(D22),ISBLANK(G22)),"",IF(D22="Long",(M22-G22),(G22-M22))/VLOOKUP(C22,設定!$B$9:$D$23,2,FALSE)),"") | R22: =IFERROR(IF(OR(ISBLANK(Q22),O22=0),"",Q22/O22),"") | S22: =IFERROR(IF(ISBLANK(R22),S21,IF(ISNUMBER(S21),S21,0)+R22),"") | T22: =IFERROR(IF(OR(ISBLANK(Q22),ISBLANK(L22)),"",Q22*L22*VLOOKUP(C22,設定!$B$9:$D$23,3,FALSE)),"")
A23: =IF(ISBLANK(B23),"",COUNTA($B$18:B23)) | O23: =IFERROR(IF(OR(ISBLANK(G23),ISBLANK(I23)),"",ABS(G23-I23)/VLOOKUP(C23,設定!$B$9:$D$23,2,FALSE)),"") | P23: =IFERROR(IF(OR(ISBLANK(F23),ISBLANK(H23),ISBLANK(J23)),"",ABS(J23-F23)/ABS(F23-H23)),"") | Q23: =IFERROR(IF(OR(ISBLANK(M23),ISBLANK(D23),ISBLANK(G23)),"",IF(D23="Long",(M23-G23),(G23-M23))/VLOOKUP(C23,設定!$B$9:$D$23,2,FALSE)),"") | R23: =IFERROR(IF(OR(ISBLANK(Q23),O23=0),"",Q23/O23),"") | S23: =IFERROR(IF(ISBLANK(R23),S22,IF(ISNUMBER(S22),S22,0)+R23),"") | T23: =IFERROR(IF(OR(ISBLANK(Q23),ISBLANK(L23)),"",Q23*L23*VLOOKUP(C23,設定!$B$9:$D$23,3,FALSE)),"")
A24: =IF(ISBLANK(B24),"",COUNTA($B$18:B24)) | O24: =IFERROR(IF(OR(ISBLANK(G24),ISBLANK(I24)),"",ABS(G24-I24)/VLOOKUP(C24,設定!$B$9:$D$23,2,FALSE)),"") | P24: =IFERROR(IF(OR(ISBLANK(F24),ISBLANK(H24),ISBLANK(J24)),"",ABS(J24-F24)/ABS(F24-H24)),"") | Q24: =IFERROR(IF(OR(ISBLANK(M24),ISBLANK(D24),ISBLANK(G24)),"",IF(D24="Long",(M24-G24),(G24-M24))/VLOOKUP(C24,設定!$B$9:$D$23,2,FALSE)),"") | R24: =IFERROR(IF(OR(ISBLANK(Q24),O24=0),"",Q24/O24),"") | S24: =IFERROR(IF(ISBLANK(R24),S23,IF(ISNUMBER(S23),S23,0)+R24),"") | T24: =IFERROR(IF(OR(ISBLANK(Q24),ISBLANK(L24)),"",Q24*L24*VLOOKUP(C24,設定!$B$9:$D$23,3,FALSE)),"")
A25: =IF(ISBLANK(B25),"",COUNTA($B$18:B25)) | O25: =IFERROR(IF(OR(ISBLANK(G25),ISBLANK(I25)),"",ABS(G25-I25)/VLOOKUP(C25,設定!$B$9:$D$23,2,FALSE)),"") | P25: =IFERROR(IF(OR(ISBLANK(F25),ISBLANK(H25),ISBLANK(J25)),"",ABS(J25-F25)/ABS(F25-H25)),"") | Q25: =IFERROR(IF(OR(ISBLANK(M25),ISBLANK(D25),ISBLANK(G25)),"",IF(D25="Long",(M25-G25),(G25-M25))/VLOOKUP(C25,設定!$B$9:$D$23,2,FALSE)),"") | R25: =IFERROR(IF(OR(ISBLANK(Q25),O25=0),"",Q25/O25),"") | S25: =IFERROR(IF(ISBLANK(R25),S24,IF(ISNUMBER(S24),S24,0)+R25),"") | T25: =IFERROR(IF(OR(ISBLANK(Q25),ISBLANK(L25)),"",Q25*L25*VLOOKUP(C25,設定!$B$9:$D$23,3,FALSE)),"")
A26: =IF(ISBLANK(B26),"",COUNTA($B$18:B26)) | O26: =IFERROR(IF(OR(ISBLANK(G26),ISBLANK(I26)),"",ABS(G26-I26)/VLOOKUP(C26,設定!$B$9:$D$23,2,FALSE)),"") | P26: =IFERROR(IF(OR(ISBLANK(F26),ISBLANK(H26),ISBLANK(J26)),"",ABS(J26-F26)/ABS(F26-H26)),"") | Q26: =IFERROR(IF(OR(ISBLANK(M26),ISBLANK(D26),ISBLANK(G26)),"",IF(D26="Long",(M26-G26),(G26-M26))/VLOOKUP(C26,設定!$B$9:$D$23,2,FALSE)),"") | R26: =IFERROR(IF(OR(ISBLANK(Q26),O26=0),"",Q26/O26),"") | S26: =IFERROR(IF(ISBLANK(R26),S25,IF(ISNUMBER(S25),S25,0)+R26),"") | T26: =IFERROR(IF(OR(ISBLANK(Q26),ISBLANK(L26)),"",Q26*L26*VLOOKUP(C26,設定!$B$9:$D$23,3,FALSE)),"")
A27: =IF(ISBLANK(B27),"",COUNTA($B$18:B27)) | O27: =IFERROR(IF(OR(ISBLANK(G27),ISBLANK(I27)),"",ABS(G27-I27)/VLOOKUP(C27,設定!$B$9:$D$23,2,FALSE)),"") | P27: =IFERROR(IF(OR(ISBLANK(F27),ISBLANK(H27),ISBLANK(J27)),"",ABS(J27-F27)/ABS(F27-H27)),"") | Q27: =IFERROR(IF(OR(ISBLANK(M27),ISBLANK(D27),ISBLANK(G27)),"",IF(D27="Long",(M27-G27),(G27-M27))/VLOOKUP(C27,設定!$B$9:$D$23,2,FALSE)),"") | R27: =IFERROR(IF(OR(ISBLANK(Q27),O27=0),"",Q27/O27),"") | S27: =IFERROR(IF(ISBLANK(R27),S26,IF(ISNUMBER(S26),S26,0)+R27),"") | T27: =IFERROR(IF(OR(ISBLANK(Q27),ISBLANK(L27)),"",Q27*L27*VLOOKUP(C27,設定!$B$9:$D$23,3,FALSE)),"")
A28: =IF(ISBLANK(B28),"",COUNTA($B$18:B28)) | O28: =IFERROR(IF(OR(ISBLANK(G28),ISBLANK(I28)),"",ABS(G28-I28)/VLOOKUP(C28,設定!$B$9:$D$23,2,FALSE)),"") | P28: =IFERROR(IF(OR(ISBLANK(F28),ISBLANK(H28),ISBLANK(J28)),"",ABS(J28-F28)/ABS(F28-H28)),"") | Q28: =IFERROR(IF(OR(ISBLANK(M28),ISBLANK(D28),ISBLANK(G28)),"",IF(D28="Long",(M28-G28),(G28-M28))/VLOOKUP(C28,設定!$B$9:$D$23,2,FALSE)),"") | R28: =IFERROR(IF(OR(ISBLANK(Q28),O28=0),"",Q28/O28),"") | S28: =IFERROR(IF(ISBLANK(R28),S27,IF(ISNUMBER(S27),S27,0)+R28),"") | T28: =IFERROR(IF(OR(ISBLANK(Q28),ISBLANK(L28)),"",Q28*L28*VLOOKUP(C28,設定!$B$9:$D$23,3,FALSE)),"")
A29: =IF(ISBLANK(B29),"",COUNTA($B$18:B29)) | O29: =IFERROR(IF(OR(ISBLANK(G29),ISBLANK(I29)),"",ABS(G29-I29)/VLOOKUP(C29,設定!$B$9:$D$23,2,FALSE)),"") | P29: =IFERROR(IF(OR(ISBLANK(F29),ISBLANK(H29),ISBLANK(J29)),"",ABS(J29-F29)/ABS(F29-H29)),"") | Q29: =IFERROR(IF(OR(ISBLANK(M29),ISBLANK(D29),ISBLANK(G29)),"",IF(D29="Long",(M29-G29),(G29-M29))/VLOOKUP(C29,設定!$B$9:$D$23,2,FALSE)),"") | R29: =IFERROR(IF(OR(ISBLANK(Q29),O29=0),"",Q29/O29),"") | S29: =IFERROR(IF(ISBLANK(R29),S28,IF(ISNUMBER(S28),S28,0)+R29),"") | T29: =IFERROR(IF(OR(ISBLANK(Q29),ISBLANK(L29)),"",Q29*L29*VLOOKUP(C29,設定!$B$9:$D$23,3,FALSE)),"")
A30: =IF(ISBLANK(B30),"",COUNTA($B$18:B30)) | O30: =IFERROR(IF(OR(ISBLANK(G30),ISBLANK(I30)),"",ABS(G30-I30)/VLOOKUP(C30,設定!$B$9:$D$23,2,FALSE)),"") | P30: =IFERROR(IF(OR(ISBLANK(F30),ISBLANK(H30),ISBLANK(J30)),"",ABS(J30-F30)/ABS(F30-H30)),"") | Q30: =IFERROR(IF(OR(ISBLANK(M30),ISBLANK(D30),ISBLANK(G30)),"",IF(D30="Long",(M30-G30),(G30-M30))/VLOOKUP(C30,設定!$B$9:$D$23,2,FALSE)),"") | R30: =IFERROR(IF(OR(ISBLANK(Q30),O30=0),"",Q30/O30),"") | S30: =IFERROR(IF(ISBLANK(R30),S29,IF(ISNUMBER(S29),S29,0)+R30),"") | T30: =IFERROR(IF(OR(ISBLANK(Q30),ISBLANK(L30)),"",Q30*L30*VLOOKUP(C30,設定!$B$9:$D$23,3,FALSE)),"")
... A217: =IF(ISBLANK(B217),"",COUNTA($B$18:B217)) | O217: =IFERROR(IF(OR(ISBLANK(G217),ISBLANK(I217)),"",ABS(G217-I217)/VLOOKUP(C217,設定!$B$9:$D$23,2,FALSE)),"") | P217: =IFERROR(IF(OR(ISBLANK(F217),ISBLANK(H217),ISBLANK(J217)),"",ABS(J217-F217)/ABS(F217-H217)),"") | Q217: =IFERROR(IF(OR(ISBLANK(M217),ISBLANK(D217),ISBLANK(G217)),"",IF(D217="Long",(M217-G217),(G217-M217))/VLOOKUP(C217,設定!$B$9:$D$23,2,FALSE)),"") | R217: =IFERROR(IF(OR(ISBLANK(Q217),O217=0),"",Q217/O217),"") | S217: =IFERROR(IF(ISBLANK(R217),S216,IF(ISNUMBER(S216),S216,0)+R217),"") | T217: =IFERROR(IF(OR(ISBLANK(Q217),ISBLANK(L217)),"",Q217*L217*VLOOKUP(C217,設定!$B$9:$D$23,3,FALSE)),"")

Sheet ORZ
A1: ORZ · 手動トレード履歴
A2: SMA 20/50/100 + 一目雲。4H で trend / range / unclear 分類、押し目買い・戻り売り・ブレイク・レンジ逆張りを 15M トリガーで実行。
B3: 📊 集計サマリ | E3: 🏅 トレード評価分布 | I3: 📝 ORZ で学んだこと · 観察メモ
B4: 件数 | C4: =COUNT(R18:R217) | E4: S ランク | F4: =COUNTIF(U18:U217,"S") | G4: =IFERROR(F4/COUNTA(U18:U217),0) | H4: 完璧 (計画通り + 理想的展開) | I4: (ここに ORZ で気づいたこと・パターン・反省を自由記述。例: ・東京時間の発火は勝率が低い、ロンドン時間に絞ると改善 ・スコア 80+ のシグナルだけ取ると勝率が劇的に上がる ・SL を少しタイトめにすると RR 向上)
B5: 勝率 | C5: =IFERROR(COUNTIF(R18:R217,">0")/COUNT(R18:R217),0) | E5: A ランク | F5: =COUNTIF(U18:U217,"A") | G5: =IFERROR(F5/COUNTA(U18:U217),0) | H5: 良い (利益確保)
B6: 平均 RR (計画) | C6: =IFERROR(AVERAGE(P18:P217),0) | E6: B ランク | F6: =COUNTIF(U18:U217,"B") | G6: =IFERROR(F6/COUNTA(U18:U217),0) | H6: 普通 (微益微損)
B7: PF | C7: =IFERROR(SUMIF(R18:R217,">0")/-SUMIF(R18:R217,"<0"),0) | E7: C ランク | F7: =COUNTIF(U18:U217,"C") | G7: =IFERROR(F7/COUNTA(U18:U217),0) | H7: 悪い (損失だが学びあり)
B8: 期待値 (R) | C8: =IFERROR(AVERAGE(R18:R217),0) | E8: D ランク | F8: =COUNTIF(U18:U217,"D") | G8: =IFERROR(F8/COUNTA(U18:U217),0) | H8: 失敗 (規律違反含む)
B9: 累計 R | C9: =SUM(R18:R217)
B10: 累計損益 ¥ | C10: =SUM(T18:T217)
B11: 最大 DD (R) | C11: =IFERROR(MAX(S18:S217)-MIN(S18:S217),0)
B12: 勝ち平均 R | C12: =IFERROR(AVERAGEIF(R18:R217,">0"),0)
B13: 負け平均 R | C13: =IFERROR(AVERAGEIF(R18:R217,"<0"),0)
B14: 評価 S 件数 | C14: =COUNTIF(U18:U217,"S")
B15: 評価 D 件数 | C15: =COUNTIF(U18:U217,"D")
A17: # | B17: 日付 | C17: 通貨ペア | D17: 方向 | E17: スコア | F17: 計画Entry | G17: 実Entry | H17: 計画SL | I17: 実SL | J17: 計画TP | K17: 実TP | L17: ロット | M17: 決済価格 | N17: 決済理由 | O17: 実SL pips | P17: 計画RR | Q17: 損益 pips | R17: R-mult | S17: 累計R | T17: 損益 ¥ | U17: 評価 | V17: 学び / 反省
A18: =IF(ISBLANK(B18),"",COUNTA($B$18:B18)) | O18: =IFERROR(IF(OR(ISBLANK(G18),ISBLANK(I18)),"",ABS(G18-I18)/VLOOKUP(C18,設定!$B$9:$D$23,2,FALSE)),"") | P18: =IFERROR(IF(OR(ISBLANK(F18),ISBLANK(H18),ISBLANK(J18)),"",ABS(J18-F18)/ABS(F18-H18)),"") | Q18: =IFERROR(IF(OR(ISBLANK(M18),ISBLANK(D18),ISBLANK(G18)),"",IF(D18="Long",(M18-G18),(G18-M18))/VLOOKUP(C18,設定!$B$9:$D$23,2,FALSE)),"") | R18: =IFERROR(IF(OR(ISBLANK(Q18),O18=0),"",Q18/O18),"") | S18: =IFERROR(IF(ISBLANK(R18),"",R18),"") | T18: =IFERROR(IF(OR(ISBLANK(Q18),ISBLANK(L18)),"",Q18*L18*VLOOKUP(C18,設定!$B$9:$D$23,3,FALSE)),"")
A19: =IF(ISBLANK(B19),"",COUNTA($B$18:B19)) | O19: =IFERROR(IF(OR(ISBLANK(G19),ISBLANK(I19)),"",ABS(G19-I19)/VLOOKUP(C19,設定!$B$9:$D$23,2,FALSE)),"") | P19: =IFERROR(IF(OR(ISBLANK(F19),ISBLANK(H19),ISBLANK(J19)),"",ABS(J19-F19)/ABS(F19-H19)),"") | Q19: =IFERROR(IF(OR(ISBLANK(M19),ISBLANK(D19),ISBLANK(G19)),"",IF(D19="Long",(M19-G19),(G19-M19))/VLOOKUP(C19,設定!$B$9:$D$23,2,FALSE)),"") | R19: =IFERROR(IF(OR(ISBLANK(Q19),O19=0),"",Q19/O19),"") | S19: =IFERROR(IF(ISBLANK(R19),S18,IF(ISNUMBER(S18),S18,0)+R19),"") | T19: =IFERROR(IF(OR(ISBLANK(Q19),ISBLANK(L19)),"",Q19*L19*VLOOKUP(C19,設定!$B$9:$D$23,3,FALSE)),"")
A20: =IF(ISBLANK(B20),"",COUNTA($B$18:B20)) | O20: =IFERROR(IF(OR(ISBLANK(G20),ISBLANK(I20)),"",ABS(G20-I20)/VLOOKUP(C20,設定!$B$9:$D$23,2,FALSE)),"") | P20: =IFERROR(IF(OR(ISBLANK(F20),ISBLANK(H20),ISBLANK(J20)),"",ABS(J20-F20)/ABS(F20-H20)),"") | Q20: =IFERROR(IF(OR(ISBLANK(M20),ISBLANK(D20),ISBLANK(G20)),"",IF(D20="Long",(M20-G20),(G20-M20))/VLOOKUP(C20,設定!$B$9:$D$23,2,FALSE)),"") | R20: =IFERROR(IF(OR(ISBLANK(Q20),O20=0),"",Q20/O20),"") | S20: =IFERROR(IF(ISBLANK(R20),S19,IF(ISNUMBER(S19),S19,0)+R20),"") | T20: =IFERROR(IF(OR(ISBLANK(Q20),ISBLANK(L20)),"",Q20*L20*VLOOKUP(C20,設定!$B$9:$D$23,3,FALSE)),"")
A21: =IF(ISBLANK(B21),"",COUNTA($B$18:B21)) | O21: =IFERROR(IF(OR(ISBLANK(G21),ISBLANK(I21)),"",ABS(G21-I21)/VLOOKUP(C21,設定!$B$9:$D$23,2,FALSE)),"") | P21: =IFERROR(IF(OR(ISBLANK(F21),ISBLANK(H21),ISBLANK(J21)),"",ABS(J21-F21)/ABS(F21-H21)),"") | Q21: =IFERROR(IF(OR(ISBLANK(M21),ISBLANK(D21),ISBLANK(G21)),"",IF(D21="Long",(M21-G21),(G21-M21))/VLOOKUP(C21,設定!$B$9:$D$23,2,FALSE)),"") | R21: =IFERROR(IF(OR(ISBLANK(Q21),O21=0),"",Q21/O21),"") | S21: =IFERROR(IF(ISBLANK(R21),S20,IF(ISNUMBER(S20),S20,0)+R21),"") | T21: =IFERROR(IF(OR(ISBLANK(Q21),ISBLANK(L21)),"",Q21*L21*VLOOKUP(C21,設定!$B$9:$D$23,3,FALSE)),"")
A22: =IF(ISBLANK(B22),"",COUNTA($B$18:B22)) | O22: =IFERROR(IF(OR(ISBLANK(G22),ISBLANK(I22)),"",ABS(G22-I22)/VLOOKUP(C22,設定!$B$9:$D$23,2,FALSE)),"") | P22: =IFERROR(IF(OR(ISBLANK(F22),ISBLANK(H22),ISBLANK(J22)),"",ABS(J22-F22)/ABS(F22-H22)),"") | Q22: =IFERROR(IF(OR(ISBLANK(M22),ISBLANK(D22),ISBLANK(G22)),"",IF(D22="Long",(M22-G22),(G22-M22))/VLOOKUP(C22,設定!$B$9:$D$23,2,FALSE)),"") | R22: =IFERROR(IF(OR(ISBLANK(Q22),O22=0),"",Q22/O22),"") | S22: =IFERROR(IF(ISBLANK(R22),S21,IF(ISNUMBER(S21),S21,0)+R22),"") | T22: =IFERROR(IF(OR(ISBLANK(Q22),ISBLANK(L22)),"",Q22*L22*VLOOKUP(C22,設定!$B$9:$D$23,3,FALSE)),"")
A23: =IF(ISBLANK(B23),"",COUNTA($B$18:B23)) | O23: =IFERROR(IF(OR(ISBLANK(G23),ISBLANK(I23)),"",ABS(G23-I23)/VLOOKUP(C23,設定!$B$9:$D$23,2,FALSE)),"") | P23: =IFERROR(IF(OR(ISBLANK(F23),ISBLANK(H23),ISBLANK(J23)),"",ABS(J23-F23)/ABS(F23-H23)),"") | Q23: =IFERROR(IF(OR(ISBLANK(M23),ISBLANK(D23),ISBLANK(G23)),"",IF(D23="Long",(M23-G23),(G23-M23))/VLOOKUP(C23,設定!$B$9:$D$23,2,FALSE)),"") | R23: =IFERROR(IF(OR(ISBLANK(Q23),O23=0),"",Q23/O23),"") | S23: =IFERROR(IF(ISBLANK(R23),S22,IF(ISNUMBER(S22),S22,0)+R23),"") | T23: =IFERROR(IF(OR(ISBLANK(Q23),ISBLANK(L23)),"",Q23*L23*VLOOKUP(C23,設定!$B$9:$D$23,3,FALSE)),"")
A24: =IF(ISBLANK(B24),"",COUNTA($B$18:B24)) | O24: =IFERROR(IF(OR(ISBLANK(G24),ISBLANK(I24)),"",ABS(G24-I24)/VLOOKUP(C24,設定!$B$9:$D$23,2,FALSE)),"") | P24: =IFERROR(IF(OR(ISBLANK(F24),ISBLANK(H24),ISBLANK(J24)),"",ABS(J24-F24)/ABS(F24-H24)),"") | Q24: =IFERROR(IF(OR(ISBLANK(M24),ISBLANK(D24),ISBLANK(G24)),"",IF(D24="Long",(M24-G24),(G24-M24))/VLOOKUP(C24,設定!$B$9:$D$23,2,FALSE)),"") | R24: =IFERROR(IF(OR(ISBLANK(Q24),O24=0),"",Q24/O24),"") | S24: =IFERROR(IF(ISBLANK(R24),S23,IF(ISNUMBER(S23),S23,0)+R24),"") | T24: =IFERROR(IF(OR(ISBLANK(Q24),ISBLANK(L24)),"",Q24*L24*VLOOKUP(C24,設定!$B$9:$D$23,3,FALSE)),"")
A25: =IF(ISBLANK(B25),"",COUNTA($B$18:B25)) | O25: =IFERROR(IF(OR(ISBLANK(G25),ISBLANK(I25)),"",ABS(G25-I25)/VLOOKUP(C25,設定!$B$9:$D$23,2,FALSE)),"") | P25: =IFERROR(IF(OR(ISBLANK(F25),ISBLANK(H25),ISBLANK(J25)),"",ABS(J25-F25)/ABS(F25-H25)),"") | Q25: =IFERROR(IF(OR(ISBLANK(M25),ISBLANK(D25),ISBLANK(G25)),"",IF(D25="Long",(M25-G25),(G25-M25))/VLOOKUP(C25,設定!$B$9:$D$23,2,FALSE)),"") | R25: =IFERROR(IF(OR(ISBLANK(Q25),O25=0),"",Q25/O25),"") | S25: =IFERROR(IF(ISBLANK(R25),S24,IF(ISNUMBER(S24),S24,0)+R25),"") | T25: =IFERROR(IF(OR(ISBLANK(Q25),ISBLANK(L25)),"",Q25*L25*VLOOKUP(C25,設定!$B$9:$D$23,3,FALSE)),"")
A26: =IF(ISBLANK(B26),"",COUNTA($B$18:B26)) | O26: =IFERROR(IF(OR(ISBLANK(G26),ISBLANK(I26)),"",ABS(G26-I26)/VLOOKUP(C26,設定!$B$9:$D$23,2,FALSE)),"") | P26: =IFERROR(IF(OR(ISBLANK(F26),ISBLANK(H26),ISBLANK(J26)),"",ABS(J26-F26)/ABS(F26-H26)),"") | Q26: =IFERROR(IF(OR(ISBLANK(M26),ISBLANK(D26),ISBLANK(G26)),"",IF(D26="Long",(M26-G26),(G26-M26))/VLOOKUP(C26,設定!$B$9:$D$23,2,FALSE)),"") | R26: =IFERROR(IF(OR(ISBLANK(Q26),O26=0),"",Q26/O26),"") | S26: =IFERROR(IF(ISBLANK(R26),S25,IF(ISNUMBER(S25),S25,0)+R26),"") | T26: =IFERROR(IF(OR(ISBLANK(Q26),ISBLANK(L26)),"",Q26*L26*VLOOKUP(C26,設定!$B$9:$D$23,3,FALSE)),"")
A27: =IF(ISBLANK(B27),"",COUNTA($B$18:B27)) | O27: =IFERROR(IF(OR(ISBLANK(G27),ISBLANK(I27)),"",ABS(G27-I27)/VLOOKUP(C27,設定!$B$9:$D$23,2,FALSE)),"") | P27: =IFERROR(IF(OR(ISBLANK(F27),ISBLANK(H27),ISBLANK(J27)),"",ABS(J27-F27)/ABS(F27-H27)),"") | Q27: =IFERROR(IF(OR(ISBLANK(M27),ISBLANK(D27),ISBLANK(G27)),"",IF(D27="Long",(M27-G27),(G27-M27))/VLOOKUP(C27,設定!$B$9:$D$23,2,FALSE)),"") | R27: =IFERROR(IF(OR(ISBLANK(Q27),O27=0),"",Q27/O27),"") | S27: =IFERROR(IF(ISBLANK(R27),S26,IF(ISNUMBER(S26),S26,0)+R27),"") | T27: =IFERROR(IF(OR(ISBLANK(Q27),ISBLANK(L27)),"",Q27*L27*VLOOKUP(C27,設定!$B$9:$D$23,3,FALSE)),"")
A28: =IF(ISBLANK(B28),"",COUNTA($B$18:B28)) | O28: =IFERROR(IF(OR(ISBLANK(G28),ISBLANK(I28)),"",ABS(G28-I28)/VLOOKUP(C28,設定!$B$9:$D$23,2,FALSE)),"") | P28: =IFERROR(IF(OR(ISBLANK(F28),ISBLANK(H28),ISBLANK(J28)),"",ABS(J28-F28)/ABS(F28-H28)),"") | Q28: =IFERROR(IF(OR(ISBLANK(M28),ISBLANK(D28),ISBLANK(G28)),"",IF(D28="Long",(M28-G28),(G28-M28))/VLOOKUP(C28,設定!$B$9:$D$23,2,FALSE)),"") | R28: =IFERROR(IF(OR(ISBLANK(Q28),O28=0),"",Q28/O28),"") | S28: =IFERROR(IF(ISBLANK(R28),S27,IF(ISNUMBER(S27),S27,0)+R28),"") | T28: =IFERROR(IF(OR(ISBLANK(Q28),ISBLANK(L28)),"",Q28*L28*VLOOKUP(C28,設定!$B$9:$D$23,3,FALSE)),"")
A29: =IF(ISBLANK(B29),"",COUNTA($B$18:B29)) | O29: =IFERROR(IF(OR(ISBLANK(G29),ISBLANK(I29)),"",ABS(G29-I29)/VLOOKUP(C29,設定!$B$9:$D$23,2,FALSE)),"") | P29: =IFERROR(IF(OR(ISBLANK(F29),ISBLANK(H29),ISBLANK(J29)),"",ABS(J29-F29)/ABS(F29-H29)),"") | Q29: =IFERROR(IF(OR(ISBLANK(M29),ISBLANK(D29),ISBLANK(G29)),"",IF(D29="Long",(M29-G29),(G29-M29))/VLOOKUP(C29,設定!$B$9:$D$23,2,FALSE)),"") | R29: =IFERROR(IF(OR(ISBLANK(Q29),O29=0),"",Q29/O29),"") | S29: =IFERROR(IF(ISBLANK(R29),S28,IF(ISNUMBER(S28),S28,0)+R29),"") | T29: =IFERROR(IF(OR(ISBLANK(Q29),ISBLANK(L29)),"",Q29*L29*VLOOKUP(C29,設定!$B$9:$D$23,3,FALSE)),"")
A30: =IF(ISBLANK(B30),"",COUNTA($B$18:B30)) | O30: =IFERROR(IF(OR(ISBLANK(G30),ISBLANK(I30)),"",ABS(G30-I30)/VLOOKUP(C30,設定!$B$9:$D$23,2,FALSE)),"") | P30: =IFERROR(IF(OR(ISBLANK(F30),ISBLANK(H30),ISBLANK(J30)),"",ABS(J30-F30)/ABS(F30-H30)),"") | Q30: =IFERROR(IF(OR(ISBLANK(M30),ISBLANK(D30),ISBLANK(G30)),"",IF(D30="Long",(M30-G30),(G30-M30))/VLOOKUP(C30,設定!$B$9:$D$23,2,FALSE)),"") | R30: =IFERROR(IF(OR(ISBLANK(Q30),O30=0),"",Q30/O30),"") | S30: =IFERROR(IF(ISBLANK(R30),S29,IF(ISNUMBER(S29),S29,0)+R30),"") | T30: =IFERROR(IF(OR(ISBLANK(Q30),ISBLANK(L30)),"",Q30*L30*VLOOKUP(C30,設定!$B$9:$D$23,3,FALSE)),"")
... A217: =IF(ISBLANK(B217),"",COUNTA($B$18:B217)) | O217: =IFERROR(IF(OR(ISBLANK(G217),ISBLANK(I217)),"",ABS(G217-I217)/VLOOKUP(C217,設定!$B$9:$D$23,2,FALSE)),"") | P217: =IFERROR(IF(OR(ISBLANK(F217),ISBLANK(H217),ISBLANK(J217)),"",ABS(J217-F217)/ABS(F217-H217)),"") | Q217: =IFERROR(IF(OR(ISBLANK(M217),ISBLANK(D217),ISBLANK(G217)),"",IF(D217="Long",(M217-G217),(G217-M217))/VLOOKUP(C217,設定!$B$9:$D$23,2,FALSE)),"") | R217: =IFERROR(IF(OR(ISBLANK(Q217),O217=0),"",Q217/O217),"") | S217: =IFERROR(IF(ISBLANK(R217),S216,IF(ISNUMBER(S216),S216,0)+R217),"") | T217: =IFERROR(IF(OR(ISBLANK(Q217),ISBLANK(L217)),"",Q217*L217*VLOOKUP(C217,設定!$B$9:$D$23,3,FALSE)),"")

Sheet PDHL
A1: PDHL · 手動トレード履歴
A2: 前日高値 (PDH) / 前日安値 (PDL) のブレイク → リテスト → フラッグ → プライスアクション → トリガー の 5 段階確認型。ダマシ回避が核心。
B3: 📊 集計サマリ | E3: 🏅 トレード評価分布 | I3: 📝 PDHL で学んだこと · 観察メモ
B4: 件数 | C4: =COUNT(R18:R217) | E4: S ランク | F4: =COUNTIF(U18:U217,"S") | G4: =IFERROR(F4/COUNTA(U18:U217),0) | H4: 完璧 (計画通り + 理想的展開) | I4: (ここに PDHL で気づいたこと・パターン・反省を自由記述。例: ・東京時間の発火は勝率が低い、ロンドン時間に絞ると改善 ・スコア 80+ のシグナルだけ取ると勝率が劇的に上がる ・SL を少しタイトめにすると RR 向上)
B5: 勝率 | C5: =IFERROR(COUNTIF(R18:R217,">0")/COUNT(R18:R217),0) | E5: A ランク | F5: =COUNTIF(U18:U217,"A") | G5: =IFERROR(F5/COUNTA(U18:U217),0) | H5: 良い (利益確保)
B6: 平均 RR (計画) | C6: =IFERROR(AVERAGE(P18:P217),0) | E6: B ランク | F6: =COUNTIF(U18:U217,"B") | G6: =IFERROR(F6/COUNTA(U18:U217),0) | H6: 普通 (微益微損)
B7: PF | C7: =IFERROR(SUMIF(R18:R217,">0")/-SUMIF(R18:R217,"<0"),0) | E7: C ランク | F7: =COUNTIF(U18:U217,"C") | G7: =IFERROR(F7/COUNTA(U18:U217),0) | H7: 悪い (損失だが学びあり)
B8: 期待値 (R) | C8: =IFERROR(AVERAGE(R18:R217),0) | E8: D ランク | F8: =COUNTIF(U18:U217,"D") | G8: =IFERROR(F8/COUNTA(U18:U217),0) | H8: 失敗 (規律違反含む)
B9: 累計 R | C9: =SUM(R18:R217)
B10: 累計損益 ¥ | C10: =SUM(T18:T217)
B11: 最大 DD (R) | C11: =IFERROR(MAX(S18:S217)-MIN(S18:S217),0)
B12: 勝ち平均 R | C12: =IFERROR(AVERAGEIF(R18:R217,">0"),0)
B13: 負け平均 R | C13: =IFERROR(AVERAGEIF(R18:R217,"<0"),0)
B14: 評価 S 件数 | C14: =COUNTIF(U18:U217,"S")
B15: 評価 D 件数 | C15: =COUNTIF(U18:U217,"D")
A17: # | B17: 日付 | C17: 通貨ペア | D17: 方向 | E17: スコア | F17: 計画Entry | G17: 実Entry | H17: 計画SL | I17: 実SL | J17: 計画TP | K17: 実TP | L17: ロット | M17: 決済価格 | N17: 決済理由 | O17: 実SL pips | P17: 計画RR | Q17: 損益 pips | R17: R-mult | S17: 累計R | T17: 損益 ¥ | U17: 評価 | V17: 学び / 反省
A18: =IF(ISBLANK(B18),"",COUNTA($B$18:B18)) | O18: =IFERROR(IF(OR(ISBLANK(G18),ISBLANK(I18)),"",ABS(G18-I18)/VLOOKUP(C18,設定!$B$9:$D$23,2,FALSE)),"") | P18: =IFERROR(IF(OR(ISBLANK(F18),ISBLANK(H18),ISBLANK(J18)),"",ABS(J18-F18)/ABS(F18-H18)),"") | Q18: =IFERROR(IF(OR(ISBLANK(M18),ISBLANK(D18),ISBLANK(G18)),"",IF(D18="Long",(M18-G18),(G18-M18))/VLOOKUP(C18,設定!$B$9:$D$23,2,FALSE)),"") | R18: =IFERROR(IF(OR(ISBLANK(Q18),O18=0),"",Q18/O18),"") | S18: =IFERROR(IF(ISBLANK(R18),"",R18),"") | T18: =IFERROR(IF(OR(ISBLANK(Q18),ISBLANK(L18)),"",Q18*L18*VLOOKUP(C18,設定!$B$9:$D$23,3,FALSE)),"")
A19: =IF(ISBLANK(B19),"",COUNTA($B$18:B19)) | O19: =IFERROR(IF(OR(ISBLANK(G19),ISBLANK(I19)),"",ABS(G19-I19)/VLOOKUP(C19,設定!$B$9:$D$23,2,FALSE)),"") | P19: =IFERROR(IF(OR(ISBLANK(F19),ISBLANK(H19),ISBLANK(J19)),"",ABS(J19-F19)/ABS(F19-H19)),"") | Q19: =IFERROR(IF(OR(ISBLANK(M19),ISBLANK(D19),ISBLANK(G19)),"",IF(D19="Long",(M19-G19),(G19-M19))/VLOOKUP(C19,設定!$B$9:$D$23,2,FALSE)),"") | R19: =IFERROR(IF(OR(ISBLANK(Q19),O19=0),"",Q19/O19),"") | S19: =IFERROR(IF(ISBLANK(R19),S18,IF(ISNUMBER(S18),S18,0)+R19),"") | T19: =IFERROR(IF(OR(ISBLANK(Q19),ISBLANK(L19)),"",Q19*L19*VLOOKUP(C19,設定!$B$9:$D$23,3,FALSE)),"")
A20: =IF(ISBLANK(B20),"",COUNTA($B$18:B20)) | O20: =IFERROR(IF(OR(ISBLANK(G20),ISBLANK(I20)),"",ABS(G20-I20)/VLOOKUP(C20,設定!$B$9:$D$23,2,FALSE)),"") | P20: =IFERROR(IF(OR(ISBLANK(F20),ISBLANK(H20),ISBLANK(J20)),"",ABS(J20-F20)/ABS(F20-H20)),"") | Q20: =IFERROR(IF(OR(ISBLANK(M20),ISBLANK(D20),ISBLANK(G20)),"",IF(D20="Long",(M20-G20),(G20-M20))/VLOOKUP(C20,設定!$B$9:$D$23,2,FALSE)),"") | R20: =IFERROR(IF(OR(ISBLANK(Q20),O20=0),"",Q20/O20),"") | S20: =IFERROR(IF(ISBLANK(R20),S19,IF(ISNUMBER(S19),S19,0)+R20),"") | T20: =IFERROR(IF(OR(ISBLANK(Q20),ISBLANK(L20)),"",Q20*L20*VLOOKUP(C20,設定!$B$9:$D$23,3,FALSE)),"")
A21: =IF(ISBLANK(B21),"",COUNTA($B$18:B21)) | O21: =IFERROR(IF(OR(ISBLANK(G21),ISBLANK(I21)),"",ABS(G21-I21)/VLOOKUP(C21,設定!$B$9:$D$23,2,FALSE)),"") | P21: =IFERROR(IF(OR(ISBLANK(F21),ISBLANK(H21),ISBLANK(J21)),"",ABS(J21-F21)/ABS(F21-H21)),"") | Q21: =IFERROR(IF(OR(ISBLANK(M21),ISBLANK(D21),ISBLANK(G21)),"",IF(D21="Long",(M21-G21),(G21-M21))/VLOOKUP(C21,設定!$B$9:$D$23,2,FALSE)),"") | R21: =IFERROR(IF(OR(ISBLANK(Q21),O21=0),"",Q21/O21),"") | S21: =IFERROR(IF(ISBLANK(R21),S20,IF(ISNUMBER(S20),S20,0)+R21),"") | T21: =IFERROR(IF(OR(ISBLANK(Q21),ISBLANK(L21)),"",Q21*L21*VLOOKUP(C21,設定!$B$9:$D$23,3,FALSE)),"")
A22: =IF(ISBLANK(B22),"",COUNTA($B$18:B22)) | O22: =IFERROR(IF(OR(ISBLANK(G22),ISBLANK(I22)),"",ABS(G22-I22)/VLOOKUP(C22,設定!$B$9:$D$23,2,FALSE)),"") | P22: =IFERROR(IF(OR(ISBLANK(F22),ISBLANK(H22),ISBLANK(J22)),"",ABS(J22-F22)/ABS(F22-H22)),"") | Q22: =IFERROR(IF(OR(ISBLANK(M22),ISBLANK(D22),ISBLANK(G22)),"",IF(D22="Long",(M22-G22),(G22-M22))/VLOOKUP(C22,設定!$B$9:$D$23,2,FALSE)),"") | R22: =IFERROR(IF(OR(ISBLANK(Q22),O22=0),"",Q22/O22),"") | S22: =IFERROR(IF(ISBLANK(R22),S21,IF(ISNUMBER(S21),S21,0)+R22),"") | T22: =IFERROR(IF(OR(ISBLANK(Q22),ISBLANK(L22)),"",Q22*L22*VLOOKUP(C22,設定!$B$9:$D$23,3,FALSE)),"")
A23: =IF(ISBLANK(B23),"",COUNTA($B$18:B23)) | O23: =IFERROR(IF(OR(ISBLANK(G23),ISBLANK(I23)),"",ABS(G23-I23)/VLOOKUP(C23,設定!$B$9:$D$23,2,FALSE)),"") | P23: =IFERROR(IF(OR(ISBLANK(F23),ISBLANK(H23),ISBLANK(J23)),"",ABS(J23-F23)/ABS(F23-H23)),"") | Q23: =IFERROR(IF(OR(ISBLANK(M23),ISBLANK(D23),ISBLANK(G23)),"",IF(D23="Long",(M23-G23),(G23-M23))/VLOOKUP(C23,設定!$B$9:$D$23,2,FALSE)),"") | R23: =IFERROR(IF(OR(ISBLANK(Q23),O23=0),"",Q23/O23),"") | S23: =IFERROR(IF(ISBLANK(R23),S22,IF(ISNUMBER(S22),S22,0)+R23),"") | T23: =IFERROR(IF(OR(ISBLANK(Q23),ISBLANK(L23)),"",Q23*L23*VLOOKUP(C23,設定!$B$9:$D$23,3,FALSE)),"")
A24: =IF(ISBLANK(B24),"",COUNTA($B$18:B24)) | O24: =IFERROR(IF(OR(ISBLANK(G24),ISBLANK(I24)),"",ABS(G24-I24)/VLOOKUP(C24,設定!$B$9:$D$23,2,FALSE)),"") | P24: =IFERROR(IF(OR(ISBLANK(F24),ISBLANK(H24),ISBLANK(J24)),"",ABS(J24-F24)/ABS(F24-H24)),"") | Q24: =IFERROR(IF(OR(ISBLANK(M24),ISBLANK(D24),ISBLANK(G24)),"",IF(D24="Long",(M24-G24),(G24-M24))/VLOOKUP(C24,設定!$B$9:$D$23,2,FALSE)),"") | R24: =IFERROR(IF(OR(ISBLANK(Q24),O24=0),"",Q24/O24),"") | S24: =IFERROR(IF(ISBLANK(R24),S23,IF(ISNUMBER(S23),S23,0)+R24),"") | T24: =IFERROR(IF(OR(ISBLANK(Q24),ISBLANK(L24)),"",Q24*L24*VLOOKUP(C24,設定!$B$9:$D$23,3,FALSE)),"")
A25: =IF(ISBLANK(B25),"",COUNTA($B$18:B25)) | O25: =IFERROR(IF(OR(ISBLANK(G25),ISBLANK(I25)),"",ABS(G25-I25)/VLOOKUP(C25,設定!$B$9:$D$23,2,FALSE)),"") | P25: =IFERROR(IF(OR(ISBLANK(F25),ISBLANK(H25),ISBLANK(J25)),"",ABS(J25-F25)/ABS(F25-H25)),"") | Q25: =IFERROR(IF(OR(ISBLANK(M25),ISBLANK(D25),ISBLANK(G25)),"",IF(D25="Long",(M25-G25),(G25-M25))/VLOOKUP(C25,設定!$B$9:$D$23,2,FALSE)),"") | R25: =IFERROR(IF(OR(ISBLANK(Q25),O25=0),"",Q25/O25),"") | S25: =IFERROR(IF(ISBLANK(R25),S24,IF(ISNUMBER(S24),S24,0)+R25),"") | T25: =IFERROR(IF(OR(ISBLANK(Q25),ISBLANK(L25)),"",Q25*L25*VLOOKUP(C25,設定!$B$9:$D$23,3,FALSE)),"")
A26: =IF(ISBLANK(B26),"",COUNTA($B$18:B26)) | O26: =IFERROR(IF(OR(ISBLANK(G26),ISBLANK(I26)),"",ABS(G26-I26)/VLOOKUP(C26,設定!$B$9:$D$23,2,FALSE)),"") | P26: =IFERROR(IF(OR(ISBLANK(F26),ISBLANK(H26),ISBLANK(J26)),"",ABS(J26-F26)/ABS(F26-H26)),"") | Q26: =IFERROR(IF(OR(ISBLANK(M26),ISBLANK(D26),ISBLANK(G26)),"",IF(D26="Long",(M26-G26),(G26-M26))/VLOOKUP(C26,設定!$B$9:$D$23,2,FALSE)),"") | R26: =IFERROR(IF(OR(ISBLANK(Q26),O26=0),"",Q26/O26),"") | S26: =IFERROR(IF(ISBLANK(R26),S25,IF(ISNUMBER(S25),S25,0)+R26),"") | T26: =IFERROR(IF(OR(ISBLANK(Q26),ISBLANK(L26)),"",Q26*L26*VLOOKUP(C26,設定!$B$9:$D$23,3,FALSE)),"")
A27: =IF(ISBLANK(B27),"",COUNTA($B$18:B27)) | O27: =IFERROR(IF(OR(ISBLANK(G27),ISBLANK(I27)),"",ABS(G27-I27)/VLOOKUP(C27,設定!$B$9:$D$23,2,FALSE)),"") | P27: =IFERROR(IF(OR(ISBLANK(F27),ISBLANK(H27),ISBLANK(J27)),"",ABS(J27-F27)/ABS(F27-H27)),"") | Q27: =IFERROR(IF(OR(ISBLANK(M27),ISBLANK(D27),ISBLANK(G27)),"",IF(D27="Long",(M27-G27),(G27-M27))/VLOOKUP(C27,設定!$B$9:$D$23,2,FALSE)),"") | R27: =IFERROR(IF(OR(ISBLANK(Q27),O27=0),"",Q27/O27),"") | S27: =IFERROR(IF(ISBLANK(R27),S26,IF(ISNUMBER(S26),S26,0)+R27),"") | T27: =IFERROR(IF(OR(ISBLANK(Q27),ISBLANK(L27)),"",Q27*L27*VLOOKUP(C27,設定!$B$9:$D$23,3,FALSE)),"")
A28: =IF(ISBLANK(B28),"",COUNTA($B$18:B28)) | O28: =IFERROR(IF(OR(ISBLANK(G28),ISBLANK(I28)),"",ABS(G28-I28)/VLOOKUP(C28,設定!$B$9:$D$23,2,FALSE)),"") | P28: =IFERROR(IF(OR(ISBLANK(F28),ISBLANK(H28),ISBLANK(J28)),"",ABS(J28-F28)/ABS(F28-H28)),"") | Q28: =IFERROR(IF(OR(ISBLANK(M28),ISBLANK(D28),ISBLANK(G28)),"",IF(D28="Long",(M28-G28),(G28-M28))/VLOOKUP(C28,設定!$B$9:$D$23,2,FALSE)),"") | R28: =IFERROR(IF(OR(ISBLANK(Q28),O28=0),"",Q28/O28),"") | S28: =IFERROR(IF(ISBLANK(R28),S27,IF(ISNUMBER(S27),S27,0)+R28),"") | T28: =IFERROR(IF(OR(ISBLANK(Q28),ISBLANK(L28)),"",Q28*L28*VLOOKUP(C28,設定!$B$9:$D$23,3,FALSE)),"")
A29: =IF(ISBLANK(B29),"",COUNTA($B$18:B29)) | O29: =IFERROR(IF(OR(ISBLANK(G29),ISBLANK(I29)),"",ABS(G29-I29)/VLOOKUP(C29,設定!$B$9:$D$23,2,FALSE)),"") | P29: =IFERROR(IF(OR(ISBLANK(F29),ISBLANK(H29),ISBLANK(J29)),"",ABS(J29-F29)/ABS(F29-H29)),"") | Q29: =IFERROR(IF(OR(ISBLANK(M29),ISBLANK(D29),ISBLANK(G29)),"",IF(D29="Long",(M29-G29),(G29-M29))/VLOOKUP(C29,設定!$B$9:$D$23,2,FALSE)),"") | R29: =IFERROR(IF(OR(ISBLANK(Q29),O29=0),"",Q29/O29),"") | S29: =IFERROR(IF(ISBLANK(R29),S28,IF(ISNUMBER(S28),S28,0)+R29),"") | T29: =IFERROR(IF(OR(ISBLANK(Q29),ISBLANK(L29)),"",Q29*L29*VLOOKUP(C29,設定!$B$9:$D$23,3,FALSE)),"")
A30: =IF(ISBLANK(B30),"",COUNTA($B$18:B30)) | O30: =IFERROR(IF(OR(ISBLANK(G30),ISBLANK(I30)),"",ABS(G30-I30)/VLOOKUP(C30,設定!$B$9:$D$23,2,FALSE)),"") | P30: =IFERROR(IF(OR(ISBLANK(F30),ISBLANK(H30),ISBLANK(J30)),"",ABS(J30-F30)/ABS(F30-H30)),"") | Q30: =IFERROR(IF(OR(ISBLANK(M30),ISBLANK(D30),ISBLANK(G30)),"",IF(D30="Long",(M30-G30),(G30-M30))/VLOOKUP(C30,設定!$B$9:$D$23,2,FALSE)),"") | R30: =IFERROR(IF(OR(ISBLANK(Q30),O30=0),"",Q30/O30),"") | S30: =IFERROR(IF(ISBLANK(R30),S29,IF(ISNUMBER(S29),S29,0)+R30),"") | T30: =IFERROR(IF(OR(ISBLANK(Q30),ISBLANK(L30)),"",Q30*L30*VLOOKUP(C30,設定!$B$9:$D$23,3,FALSE)),"")
... A217: =IF(ISBLANK(B217),"",COUNTA($B$18:B217)) | O217: =IFERROR(IF(OR(ISBLANK(G217),ISBLANK(I217)),"",ABS(G217-I217)/VLOOKUP(C217,設定!$B$9:$D$23,2,FALSE)),"") | P217: =IFERROR(IF(OR(ISBLANK(F217),ISBLANK(H217),ISBLANK(J217)),"",ABS(J217-F217)/ABS(F217-H217)),"") | Q217: =IFERROR(IF(OR(ISBLANK(M217),ISBLANK(D217),ISBLANK(G217)),"",IF(D217="Long",(M217-G217),(G217-M217))/VLOOKUP(C217,設定!$B$9:$D$23,2,FALSE)),"") | R217: =IFERROR(IF(OR(ISBLANK(Q217),O217=0),"",Q217/O217),"") | S217: =IFERROR(IF(ISBLANK(R217),S216,IF(ISNUMBER(S216),S216,0)+R217),"") | T217: =IFERROR(IF(OR(ISBLANK(Q217),ISBLANK(L217)),"",Q217*L217*VLOOKUP(C217,設定!$B$9:$D$23,3,FALSE)),"")

Sheet BOTH
A1: BOTH · 手動トレード履歴
A2: ORZ と PDHL が同一方向で合意したときのみ発火。独立な 2 手法の確証で勝率向上を狙う。
B3: 📊 集計サマリ | E3: 🏅 トレード評価分布 | I3: 📝 BOTH で学んだこと · 観察メモ
B4: 件数 | C4: =COUNT(R18:R217) | E4: S ランク | F4: =COUNTIF(U18:U217,"S") | G4: =IFERROR(F4/COUNTA(U18:U217),0) | H4: 完璧 (計画通り + 理想的展開) | I4: (ここに BOTH で気づいたこと・パターン・反省を自由記述。例: ・東京時間の発火は勝率が低い、ロンドン時間に絞ると改善 ・スコア 80+ のシグナルだけ取ると勝率が劇的に上がる ・SL を少しタイトめにすると RR 向上)
B5: 勝率 | C5: =IFERROR(COUNTIF(R18:R217,">0")/COUNT(R18:R217),0) | E5: A ランク | F5: =COUNTIF(U18:U217,"A") | G5: =IFERROR(F5/COUNTA(U18:U217),0) | H5: 良い (利益確保)
B6: 平均 RR (計画) | C6: =IFERROR(AVERAGE(P18:P217),0) | E6: B ランク | F6: =COUNTIF(U18:U217,"B") | G6: =IFERROR(F6/COUNTA(U18:U217),0) | H6: 普通 (微益微損)
B7: PF | C7: =IFERROR(SUMIF(R18:R217,">0")/-SUMIF(R18:R217,"<0"),0) | E7: C ランク | F7: =COUNTIF(U18:U217,"C") | G7: =IFERROR(F7/COUNTA(U18:U217),0) | H7: 悪い (損失だが学びあり)
B8: 期待値 (R) | C8: =IFERROR(AVERAGE(R18:R217),0) | E8: D ランク | F8: =COUNTIF(U18:U217,"D") | G8: =IFERROR(F8/COUNTA(U18:U217),0) | H8: 失敗 (規律違反含む)
B9: 累計 R | C9: =SUM(R18:R217)
B10: 累計損益 ¥ | C10: =SUM(T18:T217)
B11: 最大 DD (R) | C11: =IFERROR(MAX(S18:S217)-MIN(S18:S217),0)
B12: 勝ち平均 R | C12: =IFERROR(AVERAGEIF(R18:R217,">0"),0)
B13: 負け平均 R | C13: =IFERROR(AVERAGEIF(R18:R217,"<0"),0)
B14: 評価 S 件数 | C14: =COUNTIF(U18:U217,"S")
B15: 評価 D 件数 | C15: =COUNTIF(U18:U217,"D")
A17: # | B17: 日付 | C17: 通貨ペア | D17: 方向 | E17: スコア | F17: 計画Entry | G17: 実Entry | H17: 計画SL | I17: 実SL | J17: 計画TP | K17: 実TP | L17: ロット | M17: 決済価格 | N17: 決済理由 | O17: 実SL pips | P17: 計画RR | Q17: 損益 pips | R17: R-mult | S17: 累計R | T17: 損益 ¥ | U17: 評価 | V17: 学び / 反省
A18: =IF(ISBLANK(B18),"",COUNTA($B$18:B18)) | O18: =IFERROR(IF(OR(ISBLANK(G18),ISBLANK(I18)),"",ABS(G18-I18)/VLOOKUP(C18,設定!$B$9:$D$23,2,FALSE)),"") | P18: =IFERROR(IF(OR(ISBLANK(F18),ISBLANK(H18),ISBLANK(J18)),"",ABS(J18-F18)/ABS(F18-H18)),"") | Q18: =IFERROR(IF(OR(ISBLANK(M18),ISBLANK(D18),ISBLANK(G18)),"",IF(D18="Long",(M18-G18),(G18-M18))/VLOOKUP(C18,設定!$B$9:$D$23,2,FALSE)),"") | R18: =IFERROR(IF(OR(ISBLANK(Q18),O18=0),"",Q18/O18),"") | S18: =IFERROR(IF(ISBLANK(R18),"",R18),"") | T18: =IFERROR(IF(OR(ISBLANK(Q18),ISBLANK(L18)),"",Q18*L18*VLOOKUP(C18,設定!$B$9:$D$23,3,FALSE)),"")
A19: =IF(ISBLANK(B19),"",COUNTA($B$18:B19)) | O19: =IFERROR(IF(OR(ISBLANK(G19),ISBLANK(I19)),"",ABS(G19-I19)/VLOOKUP(C19,設定!$B$9:$D$23,2,FALSE)),"") | P19: =IFERROR(IF(OR(ISBLANK(F19),ISBLANK(H19),ISBLANK(J19)),"",ABS(J19-F19)/ABS(F19-H19)),"") | Q19: =IFERROR(IF(OR(ISBLANK(M19),ISBLANK(D19),ISBLANK(G19)),"",IF(D19="Long",(M19-G19),(G19-M19))/VLOOKUP(C19,設定!$B$9:$D$23,2,FALSE)),"") | R19: =IFERROR(IF(OR(ISBLANK(Q19),O19=0),"",Q19/O19),"") | S19: =IFERROR(IF(ISBLANK(R19),S18,IF(ISNUMBER(S18),S18,0)+R19),"") | T19: =IFERROR(IF(OR(ISBLANK(Q19),ISBLANK(L19)),"",Q19*L19*VLOOKUP(C19,設定!$B$9:$D$23,3,FALSE)),"")
A20: =IF(ISBLANK(B20),"",COUNTA($B$18:B20)) | O20: =IFERROR(IF(OR(ISBLANK(G20),ISBLANK(I20)),"",ABS(G20-I20)/VLOOKUP(C20,設定!$B$9:$D$23,2,FALSE)),"") | P20: =IFERROR(IF(OR(ISBLANK(F20),ISBLANK(H20),ISBLANK(J20)),"",ABS(J20-F20)/ABS(F20-H20)),"") | Q20: =IFERROR(IF(OR(ISBLANK(M20),ISBLANK(D20),ISBLANK(G20)),"",IF(D20="Long",(M20-G20),(G20-M20))/VLOOKUP(C20,設定!$B$9:$D$23,2,FALSE)),"") | R20: =IFERROR(IF(OR(ISBLANK(Q20),O20=0),"",Q20/O20),"") | S20: =IFERROR(IF(ISBLANK(R20),S19,IF(ISNUMBER(S19),S19,0)+R20),"") | T20: =IFERROR(IF(OR(ISBLANK(Q20),ISBLANK(L20)),"",Q20*L20*VLOOKUP(C20,設定!$B$9:$D$23,3,FALSE)),"")
A21: =IF(ISBLANK(B21),"",COUNTA($B$18:B21)) | O21: =IFERROR(IF(OR(ISBLANK(G21),ISBLANK(I21)),"",ABS(G21-I21)/VLOOKUP(C21,設定!$B$9:$D$23,2,FALSE)),"") | P21: =IFERROR(IF(OR(ISBLANK(F21),ISBLANK(H21),ISBLANK(J21)),"",ABS(J21-F21)/ABS(F21-H21)),"") | Q21: =IFERROR(IF(OR(ISBLANK(M21),ISBLANK(D21),ISBLANK(G21)),"",IF(D21="Long",(M21-G21),(G21-M21))/VLOOKUP(C21,設定!$B$9:$D$23,2,FALSE)),"") | R21: =IFERROR(IF(OR(ISBLANK(Q21),O21=0),"",Q21/O21),"") | S21: =IFERROR(IF(ISBLANK(R21),S20,IF(ISNUMBER(S20),S20,0)+R21),"") | T21: =IFERROR(IF(OR(ISBLANK(Q21),ISBLANK(L21)),"",Q21*L21*VLOOKUP(C21,設定!$B$9:$D$23,3,FALSE)),"")
A22: =IF(ISBLANK(B22),"",COUNTA($B$18:B22)) | O22: =IFERROR(IF(OR(ISBLANK(G22),ISBLANK(I22)),"",ABS(G22-I22)/VLOOKUP(C22,設定!$B$9:$D$23,2,FALSE)),"") | P22: =IFERROR(IF(OR(ISBLANK(F22),ISBLANK(H22),ISBLANK(J22)),"",ABS(J22-F22)/ABS(F22-H22)),"") | Q22: =IFERROR(IF(OR(ISBLANK(M22),ISBLANK(D22),ISBLANK(G22)),"",IF(D22="Long",(M22-G22),(G22-M22))/VLOOKUP(C22,設定!$B$9:$D$23,2,FALSE)),"") | R22: =IFERROR(IF(OR(ISBLANK(Q22),O22=0),"",Q22/O22),"") | S22: =IFERROR(IF(ISBLANK(R22),S21,IF(ISNUMBER(S21),S21,0)+R22),"") | T22: =IFERROR(IF(OR(ISBLANK(Q22),ISBLANK(L22)),"",Q22*L22*VLOOKUP(C22,設定!$B$9:$D$23,3,FALSE)),"")
A23: =IF(ISBLANK(B23),"",COUNTA($B$18:B23)) | O23: =IFERROR(IF(OR(ISBLANK(G23),ISBLANK(I23)),"",ABS(G23-I23)/VLOOKUP(C23,設定!$B$9:$D$23,2,FALSE)),"") | P23: =IFERROR(IF(OR(ISBLANK(F23),ISBLANK(H23),ISBLANK(J23)),"",ABS(J23-F23)/ABS(F23-H23)),"") | Q23: =IFERROR(IF(OR(ISBLANK(M23),ISBLANK(D23),ISBLANK(G23)),"",IF(D23="Long",(M23-G23),(G23-M23))/VLOOKUP(C23,設定!$B$9:$D$23,2,FALSE)),"") | R23: =IFERROR(IF(OR(ISBLANK(Q23),O23=0),"",Q23/O23),"") | S23: =IFERROR(IF(ISBLANK(R23),S22,IF(ISNUMBER(S22),S22,0)+R23),"") | T23: =IFERROR(IF(OR(ISBLANK(Q23),ISBLANK(L23)),"",Q23*L23*VLOOKUP(C23,設定!$B$9:$D$23,3,FALSE)),"")
A24: =IF(ISBLANK(B24),"",COUNTA($B$18:B24)) | O24: =IFERROR(IF(OR(ISBLANK(G24),ISBLANK(I24)),"",ABS(G24-I24)/VLOOKUP(C24,設定!$B$9:$D$23,2,FALSE)),"") | P24: =IFERROR(IF(OR(ISBLANK(F24),ISBLANK(H24),ISBLANK(J24)),"",ABS(J24-F24)/ABS(F24-H24)),"") | Q24: =IFERROR(IF(OR(ISBLANK(M24),ISBLANK(D24),ISBLANK(G24)),"",IF(D24="Long",(M24-G24),(G24-M24))/VLOOKUP(C24,設定!$B$9:$D$23,2,FALSE)),"") | R24: =IFERROR(IF(OR(ISBLANK(Q24),O24=0),"",Q24/O24),"") | S24: =IFERROR(IF(ISBLANK(R24),S23,IF(ISNUMBER(S23),S23,0)+R24),"") | T24: =IFERROR(IF(OR(ISBLANK(Q24),ISBLANK(L24)),"",Q24*L24*VLOOKUP(C24,設定!$B$9:$D$23,3,FALSE)),"")
A25: =IF(ISBLANK(B25),"",COUNTA($B$18:B25)) | O25: =IFERROR(IF(OR(ISBLANK(G25),ISBLANK(I25)),"",ABS(G25-I25)/VLOOKUP(C25,設定!$B$9:$D$23,2,FALSE)),"") | P25: =IFERROR(IF(OR(ISBLANK(F25),ISBLANK(H25),ISBLANK(J25)),"",ABS(J25-F25)/ABS(F25-H25)),"") | Q25: =IFERROR(IF(OR(ISBLANK(M25),ISBLANK(D25),ISBLANK(G25)),"",IF(D25="Long",(M25-G25),(G25-M25))/VLOOKUP(C25,設定!$B$9:$D$23,2,FALSE)),"") | R25: =IFERROR(IF(OR(ISBLANK(Q25),O25=0),"",Q25/O25),"") | S25: =IFERROR(IF(ISBLANK(R25),S24,IF(ISNUMBER(S24),S24,0)+R25),"") | T25: =IFERROR(IF(OR(ISBLANK(Q25),ISBLANK(L25)),"",Q25*L25*VLOOKUP(C25,設定!$B$9:$D$23,3,FALSE)),"")
A26: =IF(ISBLANK(B26),"",COUNTA($B$18:B26)) | O26: =IFERROR(IF(OR(ISBLANK(G26),ISBLANK(I26)),"",ABS(G26-I26)/VLOOKUP(C26,設定!$B$9:$D$23,2,FALSE)),"") | P26: =IFERROR(IF(OR(ISBLANK(F26),ISBLANK(H26),ISBLANK(J26)),"",ABS(J26-F26)/ABS(F26-H26)),"") | Q26: =IFERROR(IF(OR(ISBLANK(M26),ISBLANK(D26),ISBLANK(G26)),"",IF(D26="Long",(M26-G26),(G26-M26))/VLOOKUP(C26,設定!$B$9:$D$23,2,FALSE)),"") | R26: =IFERROR(IF(OR(ISBLANK(Q26),O26=0),"",Q26/O26),"") | S26: =IFERROR(IF(ISBLANK(R26),S25,IF(ISNUMBER(S25),S25,0)+R26),"") | T26: =IFERROR(IF(OR(ISBLANK(Q26),ISBLANK(L26)),"",Q26*L26*VLOOKUP(C26,設定!$B$9:$D$23,3,FALSE)),"")
A27: =IF(ISBLANK(B27),"",COUNTA($B$18:B27)) | O27: =IFERROR(IF(OR(ISBLANK(G27),ISBLANK(I27)),"",ABS(G27-I27)/VLOOKUP(C27,設定!$B$9:$D$23,2,FALSE)),"") | P27: =IFERROR(IF(OR(ISBLANK(F27),ISBLANK(H27),ISBLANK(J27)),"",ABS(J27-F27)/ABS(F27-H27)),"") | Q27: =IFERROR(IF(OR(ISBLANK(M27),ISBLANK(D27),ISBLANK(G27)),"",IF(D27="Long",(M27-G27),(G27-M27))/VLOOKUP(C27,設定!$B$9:$D$23,2,FALSE)),"") | R27: =IFERROR(IF(OR(ISBLANK(Q27),O27=0),"",Q27/O27),"") | S27: =IFERROR(IF(ISBLANK(R27),S26,IF(ISNUMBER(S26),S26,0)+R27),"") | T27: =IFERROR(IF(OR(ISBLANK(Q27),ISBLANK(L27)),"",Q27*L27*VLOOKUP(C27,設定!$B$9:$D$23,3,FALSE)),"")
A28: =IF(ISBLANK(B28),"",COUNTA($B$18:B28)) | O28: =IFERROR(IF(OR(ISBLANK(G28),ISBLANK(I28)),"",ABS(G28-I28)/VLOOKUP(C28,設定!$B$9:$D$23,2,FALSE)),"") | P28: =IFERROR(IF(OR(ISBLANK(F28),ISBLANK(H28),ISBLANK(J28)),"",ABS(J28-F28)/ABS(F28-H28)),"") | Q28: =IFERROR(IF(OR(ISBLANK(M28),ISBLANK(D28),ISBLANK(G28)),"",IF(D28="Long",(M28-G28),(G28-M28))/VLOOKUP(C28,設定!$B$9:$D$23,2,FALSE)),"") | R28: =IFERROR(IF(OR(ISBLANK(Q28),O28=0),"",Q28/O28),"") | S28: =IFERROR(IF(ISBLANK(R28),S27,IF(ISNUMBER(S27),S27,0)+R28),"") | T28: =IFERROR(IF(OR(ISBLANK(Q28),ISBLANK(L28)),"",Q28*L28*VLOOKUP(C28,設定!$B$9:$D$23,3,FALSE)),"")
A29: =IF(ISBLANK(B29),"",COUNTA($B$18:B29)) | O29: =IFERROR(IF(OR(ISBLANK(G29),ISBLANK(I29)),"",ABS(G29-I29)/VLOOKUP(C29,設定!$B$9:$D$23,2,FALSE)),"") | P29: =IFERROR(IF(OR(ISBLANK(F29),ISBLANK(H29),ISBLANK(J29)),"",ABS(J29-F29)/ABS(F29-H29)),"") | Q29: =IFERROR(IF(OR(ISBLANK(M29),ISBLANK(D29),ISBLANK(G29)),"",IF(D29="Long",(M29-G29),(G29-M29))/VLOOKUP(C29,設定!$B$9:$D$23,2,FALSE)),"") | R29: =IFERROR(IF(OR(ISBLANK(Q29),O29=0),"",Q29/O29),"") | S29: =IFERROR(IF(ISBLANK(R29),S28,IF(ISNUMBER(S28),S28,0)+R29),"") | T29: =IFERROR(IF(OR(ISBLANK(Q29),ISBLANK(L29)),"",Q29*L29*VLOOKUP(C29,設定!$B$9:$D$23,3,FALSE)),"")
A30: =IF(ISBLANK(B30),"",COUNTA($B$18:B30)) | O30: =IFERROR(IF(OR(ISBLANK(G30),ISBLANK(I30)),"",ABS(G30-I30)/VLOOKUP(C30,設定!$B$9:$D$23,2,FALSE)),"") | P30: =IFERROR(IF(OR(ISBLANK(F30),ISBLANK(H30),ISBLANK(J30)),"",ABS(J30-F30)/ABS(F30-H30)),"") | Q30: =IFERROR(IF(OR(ISBLANK(M30),ISBLANK(D30),ISBLANK(G30)),"",IF(D30="Long",(M30-G30),(G30-M30))/VLOOKUP(C30,設定!$B$9:$D$23,2,FALSE)),"") | R30: =IFERROR(IF(OR(ISBLANK(Q30),O30=0),"",Q30/O30),"") | S30: =IFERROR(IF(ISBLANK(R30),S29,IF(ISNUMBER(S29),S29,0)+R30),"") | T30: =IFERROR(IF(OR(ISBLANK(Q30),ISBLANK(L30)),"",Q30*L30*VLOOKUP(C30,設定!$B$9:$D$23,3,FALSE)),"")
... A217: =IF(ISBLANK(B217),"",COUNTA($B$18:B217)) | O217: =IFERROR(IF(OR(ISBLANK(G217),ISBLANK(I217)),"",ABS(G217-I217)/VLOOKUP(C217,設定!$B$9:$D$23,2,FALSE)),"") | P217: =IFERROR(IF(OR(ISBLANK(F217),ISBLANK(H217),ISBLANK(J217)),"",ABS(J217-F217)/ABS(F217-H217)),"") | Q217: =IFERROR(IF(OR(ISBLANK(M217),ISBLANK(D217),ISBLANK(G217)),"",IF(D217="Long",(M217-G217),(G217-M217))/VLOOKUP(C217,設定!$B$9:$D$23,2,FALSE)),"") | R217: =IFERROR(IF(OR(ISBLANK(Q217),O217=0),"",Q217/O217),"") | S217: =IFERROR(IF(ISBLANK(R217),S216,IF(ISNUMBER(S216),S216,0)+R217),"") | T217: =IFERROR(IF(OR(ISBLANK(Q217),ISBLANK(L217)),"",Q217*L217*VLOOKUP(C217,設定!$B$9:$D$23,3,FALSE)),"")

Sheet CLAUDE
A1: CLAUDE · 手動トレード履歴
A2: HTF バイアス / 4H モメンタム / 15M ATR 収縮 / 20EMA プルバック / RSI 再奪取 / Donchian ブレイクの 6 エッジ合流。
B3: 📊 集計サマリ | E3: 🏅 トレード評価分布 | I3: 📝 CLAUDE で学んだこと · 観察メモ
B4: 件数 | C4: =COUNT(R18:R217) | E4: S ランク | F4: =COUNTIF(U18:U217,"S") | G4: =IFERROR(F4/COUNTA(U18:U217),0) | H4: 完璧 (計画通り + 理想的展開) | I4: (ここに CLAUDE で気づいたこと・パターン・反省を自由記述。例: ・東京時間の発火は勝率が低い、ロンドン時間に絞ると改善 ・スコア 80+ のシグナルだけ取ると勝率が劇的に上がる ・SL を少しタイトめにすると RR 向上)
B5: 勝率 | C5: =IFERROR(COUNTIF(R18:R217,">0")/COUNT(R18:R217),0) | E5: A ランク | F5: =COUNTIF(U18:U217,"A") | G5: =IFERROR(F5/COUNTA(U18:U217),0) | H5: 良い (利益確保)
B6: 平均 RR (計画) | C6: =IFERROR(AVERAGE(P18:P217),0) | E6: B ランク | F6: =COUNTIF(U18:U217,"B") | G6: =IFERROR(F6/COUNTA(U18:U217),0) | H6: 普通 (微益微損)
B7: PF | C7: =IFERROR(SUMIF(R18:R217,">0")/-SUMIF(R18:R217,"<0"),0) | E7: C ランク | F7: =COUNTIF(U18:U217,"C") | G7: =IFERROR(F7/COUNTA(U18:U217),0) | H7: 悪い (損失だが学びあり)
B8: 期待値 (R) | C8: =IFERROR(AVERAGE(R18:R217),0) | E8: D ランク | F8: =COUNTIF(U18:U217,"D") | G8: =IFERROR(F8/COUNTA(U18:U217),0) | H8: 失敗 (規律違反含む)
B9: 累計 R | C9: =SUM(R18:R217)
B10: 累計損益 ¥ | C10: =SUM(T18:T217)
B11: 最大 DD (R) | C11: =IFERROR(MAX(S18:S217)-MIN(S18:S217),0)
B12: 勝ち平均 R | C12: =IFERROR(AVERAGEIF(R18:R217,">0"),0)
B13: 負け平均 R | C13: =IFERROR(AVERAGEIF(R18:R217,"<0"),0)
B14: 評価 S 件数 | C14: =COUNTIF(U18:U217,"S")
B15: 評価 D 件数 | C15: =COUNTIF(U18:U217,"D")
A17: # | B17: 日付 | C17: 通貨ペア | D17: 方向 | E17: スコア | F17: 計画Entry | G17: 実Entry | H17: 計画SL | I17: 実SL | J17: 計画TP | K17: 実TP | L17: ロット | M17: 決済価格 | N17: 決済理由 | O17: 実SL pips | P17: 計画RR | Q17: 損益 pips | R17: R-mult | S17: 累計R | T17: 損益 ¥ | U17: 評価 | V17: 学び / 反省
A18: =IF(ISBLANK(B18),"",COUNTA($B$18:B18)) | O18: =IFERROR(IF(OR(ISBLANK(G18),ISBLANK(I18)),"",ABS(G18-I18)/VLOOKUP(C18,設定!$B$9:$D$23,2,FALSE)),"") | P18: =IFERROR(IF(OR(ISBLANK(F18),ISBLANK(H18),ISBLANK(J18)),"",ABS(J18-F18)/ABS(F18-H18)),"") | Q18: =IFERROR(IF(OR(ISBLANK(M18),ISBLANK(D18),ISBLANK(G18)),"",IF(D18="Long",(M18-G18),(G18-M18))/VLOOKUP(C18,設定!$B$9:$D$23,2,FALSE)),"") | R18: =IFERROR(IF(OR(ISBLANK(Q18),O18=0),"",Q18/O18),"") | S18: =IFERROR(IF(ISBLANK(R18),"",R18),"") | T18: =IFERROR(IF(OR(ISBLANK(Q18),ISBLANK(L18)),"",Q18*L18*VLOOKUP(C18,設定!$B$9:$D$23,3,FALSE)),"")
A19: =IF(ISBLANK(B19),"",COUNTA($B$18:B19)) | O19: =IFERROR(IF(OR(ISBLANK(G19),ISBLANK(I19)),"",ABS(G19-I19)/VLOOKUP(C19,設定!$B$9:$D$23,2,FALSE)),"") | P19: =IFERROR(IF(OR(ISBLANK(F19),ISBLANK(H19),ISBLANK(J19)),"",ABS(J19-F19)/ABS(F19-H19)),"") | Q19: =IFERROR(IF(OR(ISBLANK(M19),ISBLANK(D19),ISBLANK(G19)),"",IF(D19="Long",(M19-G19),(G19-M19))/VLOOKUP(C19,設定!$B$9:$D$23,2,FALSE)),"") | R19: =IFERROR(IF(OR(ISBLANK(Q19),O19=0),"",Q19/O19),"") | S19: =IFERROR(IF(ISBLANK(R19),S18,IF(ISNUMBER(S18),S18,0)+R19),"") | T19: =IFERROR(IF(OR(ISBLANK(Q19),ISBLANK(L19)),"",Q19*L19*VLOOKUP(C19,設定!$B$9:$D$23,3,FALSE)),"")
A20: =IF(ISBLANK(B20),"",COUNTA($B$18:B20)) | O20: =IFERROR(IF(OR(ISBLANK(G20),ISBLANK(I20)),"",ABS(G20-I20)/VLOOKUP(C20,設定!$B$9:$D$23,2,FALSE)),"") | P20: =IFERROR(IF(OR(ISBLANK(F20),ISBLANK(H20),ISBLANK(J20)),"",ABS(J20-F20)/ABS(F20-H20)),"") | Q20: =IFERROR(IF(OR(ISBLANK(M20),ISBLANK(D20),ISBLANK(G20)),"",IF(D20="Long",(M20-G20),(G20-M20))/VLOOKUP(C20,設定!$B$9:$D$23,2,FALSE)),"") | R20: =IFERROR(IF(OR(ISBLANK(Q20),O20=0),"",Q20/O20),"") | S20: =IFERROR(IF(ISBLANK(R20),S19,IF(ISNUMBER(S19),S19,0)+R20),"") | T20: =IFERROR(IF(OR(ISBLANK(Q20),ISBLANK(L20)),"",Q20*L20*VLOOKUP(C20,設定!$B$9:$D$23,3,FALSE)),"")
A21: =IF(ISBLANK(B21),"",COUNTA($B$18:B21)) | O21: =IFERROR(IF(OR(ISBLANK(G21),ISBLANK(I21)),"",ABS(G21-I21)/VLOOKUP(C21,設定!$B$9:$D$23,2,FALSE)),"") | P21: =IFERROR(IF(OR(ISBLANK(F21),ISBLANK(H21),ISBLANK(J21)),"",ABS(J21-F21)/ABS(F21-H21)),"") | Q21: =IFERROR(IF(OR(ISBLANK(M21),ISBLANK(D21),ISBLANK(G21)),"",IF(D21="Long",(M21-G21),(G21-M21))/VLOOKUP(C21,設定!$B$9:$D$23,2,FALSE)),"") | R21: =IFERROR(IF(OR(ISBLANK(Q21),O21=0),"",Q21/O21),"") | S21: =IFERROR(IF(ISBLANK(R21),S20,IF(ISNUMBER(S20),S20,0)+R21),"") | T21: =IFERROR(IF(OR(ISBLANK(Q21),ISBLANK(L21)),"",Q21*L21*VLOOKUP(C21,設定!$B$9:$D$23,3,FALSE)),"")
A22: =IF(ISBLANK(B22),"",COUNTA($B$18:B22)) | O22: =IFERROR(IF(OR(ISBLANK(G22),ISBLANK(I22)),"",ABS(G22-I22)/VLOOKUP(C22,設定!$B$9:$D$23,2,FALSE)),"") | P22: =IFERROR(IF(OR(ISBLANK(F22),ISBLANK(H22),ISBLANK(J22)),"",ABS(J22-F22)/ABS(F22-H22)),"") | Q22: =IFERROR(IF(OR(ISBLANK(M22),ISBLANK(D22),ISBLANK(G22)),"",IF(D22="Long",(M22-G22),(G22-M22))/VLOOKUP(C22,設定!$B$9:$D$23,2,FALSE)),"") | R22: =IFERROR(IF(OR(ISBLANK(Q22),O22=0),"",Q22/O22),"") | S22: =IFERROR(IF(ISBLANK(R22),S21,IF(ISNUMBER(S21),S21,0)+R22),"") | T22: =IFERROR(IF(OR(ISBLANK(Q22),ISBLANK(L22)),"",Q22*L22*VLOOKUP(C22,設定!$B$9:$D$23,3,FALSE)),"")
A23: =IF(ISBLANK(B23),"",COUNTA($B$18:B23)) | O23: =IFERROR(IF(OR(ISBLANK(G23),ISBLANK(I23)),"",ABS(G23-I23)/VLOOKUP(C23,設定!$B$9:$D$23,2,FALSE)),"") | P23: =IFERROR(IF(OR(ISBLANK(F23),ISBLANK(H23),ISBLANK(J23)),"",ABS(J23-F23)/ABS(F23-H23)),"") | Q23: =IFERROR(IF(OR(ISBLANK(M23),ISBLANK(D23),ISBLANK(G23)),"",IF(D23="Long",(M23-G23),(G23-M23))/VLOOKUP(C23,設定!$B$9:$D$23,2,FALSE)),"") | R23: =IFERROR(IF(OR(ISBLANK(Q23),O23=0),"",Q23/O23),"") | S23: =IFERROR(IF(ISBLANK(R23),S22,IF(ISNUMBER(S22),S22,0)+R23),"") | T23: =IFERROR(IF(OR(ISBLANK(Q23),ISBLANK(L23)),"",Q23*L23*VLOOKUP(C23,設定!$B$9:$D$23,3,FALSE)),"")
A24: =IF(ISBLANK(B24),"",COUNTA($B$18:B24)) | O24: =IFERROR(IF(OR(ISBLANK(G24),ISBLANK(I24)),"",ABS(G24-I24)/VLOOKUP(C24,設定!$B$9:$D$23,2,FALSE)),"") | P24: =IFERROR(IF(OR(ISBLANK(F24),ISBLANK(H24),ISBLANK(J24)),"",ABS(J24-F24)/ABS(F24-H24)),"") | Q24: =IFERROR(IF(OR(ISBLANK(M24),ISBLANK(D24),ISBLANK(G24)),"",IF(D24="Long",(M24-G24),(G24-M24))/VLOOKUP(C24,設定!$B$9:$D$23,2,FALSE)),"") | R24: =IFERROR(IF(OR(ISBLANK(Q24),O24=0),"",Q24/O24),"") | S24: =IFERROR(IF(ISBLANK(R24),S23,IF(ISNUMBER(S23),S23,0)+R24),"") | T24: =IFERROR(IF(OR(ISBLANK(Q24),ISBLANK(L24)),"",Q24*L24*VLOOKUP(C24,設定!$B$9:$D$23,3,FALSE)),"")
A25: =IF(ISBLANK(B25),"",COUNTA($B$18:B25)) | O25: =IFERROR(IF(OR(ISBLANK(G25),ISBLANK(I25)),"",ABS(G25-I25)/VLOOKUP(C25,設定!$B$9:$D$23,2,FALSE)),"") | P25: =IFERROR(IF(OR(ISBLANK(F25),ISBLANK(H25),ISBLANK(J25)),"",ABS(J25-F25)/ABS(F25-H25)),"") | Q25: =IFERROR(IF(OR(ISBLANK(M25),ISBLANK(D25),ISBLANK(G25)),"",IF(D25="Long",(M25-G25),(G25-M25))/VLOOKUP(C25,設定!$B$9:$D$23,2,FALSE)),"") | R25: =IFERROR(IF(OR(ISBLANK(Q25),O25=0),"",Q25/O25),"") | S25: =IFERROR(IF(ISBLANK(R25),S24,IF(ISNUMBER(S24),S24,0)+R25),"") | T25: =IFERROR(IF(OR(ISBLANK(Q25),ISBLANK(L25)),"",Q25*L25*VLOOKUP(C25,設定!$B$9:$D$23,3,FALSE)),"")
A26: =IF(ISBLANK(B26),"",COUNTA($B$18:B26)) | O26: =IFERROR(IF(OR(ISBLANK(G26),ISBLANK(I26)),"",ABS(G26-I26)/VLOOKUP(C26,設定!$B$9:$D$23,2,FALSE)),"") | P26: =IFERROR(IF(OR(ISBLANK(F26),ISBLANK(H26),ISBLANK(J26)),"",ABS(J26-F26)/ABS(F26-H26)),"") | Q26: =IFERROR(IF(OR(ISBLANK(M26),ISBLANK(D26),ISBLANK(G26)),"",IF(D26="Long",(M26-G26),(G26-M26))/VLOOKUP(C26,設定!$B$9:$D$23,2,FALSE)),"") | R26: =IFERROR(IF(OR(ISBLANK(Q26),O26=0),"",Q26/O26),"") | S26: =IFERROR(IF(ISBLANK(R26),S25,IF(ISNUMBER(S25),S25,0)+R26),"") | T26: =IFERROR(IF(OR(ISBLANK(Q26),ISBLANK(L26)),"",Q26*L26*VLOOKUP(C26,設定!$B$9:$D$23,3,FALSE)),"")
A27: =IF(ISBLANK(B27),"",COUNTA($B$18:B27)) | O27: =IFERROR(IF(OR(ISBLANK(G27),ISBLANK(I27)),"",ABS(G27-I27)/VLOOKUP(C27,設定!$B$9:$D$23,2,FALSE)),"") | P27: =IFERROR(IF(OR(ISBLANK(F27),ISBLANK(H27),ISBLANK(J27)),"",ABS(J27-F27)/ABS(F27-H27)),"") | Q27: =IFERROR(IF(OR(ISBLANK(M27),ISBLANK(D27),ISBLANK(G27)),"",IF(D27="Long",(M27-G27),(G27-M27))/VLOOKUP(C27,設定!$B$9:$D$23,2,FALSE)),"") | R27: =IFERROR(IF(OR(ISBLANK(Q27),O27=0),"",Q27/O27),"") | S27: =IFERROR(IF(ISBLANK(R27),S26,IF(ISNUMBER(S26),S26,0)+R27),"") | T27: =IFERROR(IF(OR(ISBLANK(Q27),ISBLANK(L27)),"",Q27*L27*VLOOKUP(C27,設定!$B$9:$D$23,3,FALSE)),"")
A28: =IF(ISBLANK(B28),"",COUNTA($B$18:B28)) | O28: =IFERROR(IF(OR(ISBLANK(G28),ISBLANK(I28)),"",ABS(G28-I28)/VLOOKUP(C28,設定!$B$9:$D$23,2,FALSE)),"") | P28: =IFERROR(IF(OR(ISBLANK(F28),ISBLANK(H28),ISBLANK(J28)),"",ABS(J28-F28)/ABS(F28-H28)),"") | Q28: =IFERROR(IF(OR(ISBLANK(M28),ISBLANK(D28),ISBLANK(G28)),"",IF(D28="Long",(M28-G28),(G28-M28))/VLOOKUP(C28,設定!$B$9:$D$23,2,FALSE)),"") | R28: =IFERROR(IF(OR(ISBLANK(Q28),O28=0),"",Q28/O28),"") | S28: =IFERROR(IF(ISBLANK(R28),S27,IF(ISNUMBER(S27),S27,0)+R28),"") | T28: =IFERROR(IF(OR(ISBLANK(Q28),ISBLANK(L28)),"",Q28*L28*VLOOKUP(C28,設定!$B$9:$D$23,3,FALSE)),"")
A29: =IF(ISBLANK(B29),"",COUNTA($B$18:B29)) | O29: =IFERROR(IF(OR(ISBLANK(G29),ISBLANK(I29)),"",ABS(G29-I29)/VLOOKUP(C29,設定!$B$9:$D$23,2,FALSE)),"") | P29: =IFERROR(IF(OR(ISBLANK(F29),ISBLANK(H29),ISBLANK(J29)),"",ABS(J29-F29)/ABS(F29-H29)),"") | Q29: =IFERROR(IF(OR(ISBLANK(M29),ISBLANK(D29),ISBLANK(G29)),"",IF(D29="Long",(M29-G29),(G29-M29))/VLOOKUP(C29,設定!$B$9:$D$23,2,FALSE)),"") | R29: =IFERROR(IF(OR(ISBLANK(Q29),O29=0),"",Q29/O29),"") | S29: =IFERROR(IF(ISBLANK(R29),S28,IF(ISNUMBER(S28),S28,0)+R29),"") | T29: =IFERROR(IF(OR(ISBLANK(Q29),ISBLANK(L29)),"",Q29*L29*VLOOKUP(C29,設定!$B$9:$D$23,3,FALSE)),"")
A30: =IF(ISBLANK(B30),"",COUNTA($B$18:B30)) | O30: =IFERROR(IF(OR(ISBLANK(G30),ISBLANK(I30)),"",ABS(G30-I30)/VLOOKUP(C30,設定!$B$9:$D$23,2,FALSE)),"") | P30: =IFERROR(IF(OR(ISBLANK(F30),ISBLANK(H30),ISBLANK(J30)),"",ABS(J30-F30)/ABS(F30-H30)),"") | Q30: =IFERROR(IF(OR(ISBLANK(M30),ISBLANK(D30),ISBLANK(G30)),"",IF(D30="Long",(M30-G30),(G30-M30))/VLOOKUP(C30,設定!$B$9:$D$23,2,FALSE)),"") | R30: =IFERROR(IF(OR(ISBLANK(Q30),O30=0),"",Q30/O30),"") | S30: =IFERROR(IF(ISBLANK(R30),S29,IF(ISNUMBER(S29),S29,0)+R30),"") | T30: =IFERROR(IF(OR(ISBLANK(Q30),ISBLANK(L30)),"",Q30*L30*VLOOKUP(C30,設定!$B$9:$D$23,3,FALSE)),"")
... A217: =IF(ISBLANK(B217),"",COUNTA($B$18:B217)) | O217: =IFERROR(IF(OR(ISBLANK(G217),ISBLANK(I217)),"",ABS(G217-I217)/VLOOKUP(C217,設定!$B$9:$D$23,2,FALSE)),"") | P217: =IFERROR(IF(OR(ISBLANK(F217),ISBLANK(H217),ISBLANK(J217)),"",ABS(J217-F217)/ABS(F217-H217)),"") | Q217: =IFERROR(IF(OR(ISBLANK(M217),ISBLANK(D217),ISBLANK(G217)),"",IF(D217="Long",(M217-G217),(G217-M217))/VLOOKUP(C217,設定!$B$9:$D$23,2,FALSE)),"") | R217: =IFERROR(IF(OR(ISBLANK(Q217),O217=0),"",Q217/O217),"") | S217: =IFERROR(IF(ISBLANK(R217),S216,IF(ISNUMBER(S216),S216,0)+R217),"") | T217: =IFERROR(IF(OR(ISBLANK(Q217),ISBLANK(L217)),"",Q217*L217*VLOOKUP(C217,設定!$B$9:$D$23,3,FALSE)),"")

Sheet 設定
B2: ⚙️ 設定 / Configuration
B3: 開始残高 (¥) | C3: 1000000
B4: 1 トレード リスク (%) | C4: 0.5
B5: USD/JPY 概算レート | C5: 155
B7: 💱 通貨ペア別 pip 設定
B8: 通貨ペア | C8: pip サイズ | D8: 1pip × 1 lot (¥)
B9: USD/JPY | C9: 0.01 | D9: 1000
B10: EUR/USD | C10: 0.0001 | D10: =10*$C$5
B11: GBP/USD | C11: 0.0001 | D11: =10*$C$5
B12: AUD/USD | C12: 0.0001 | D12: =10*$C$5
B13: NZD/USD | C13: 0.0001 | D13: =10*$C$5
B14: USD/CAD | C14: 0.0001 | D14: =10*$C$5
B15: USD/CHF | C15: 0.0001 | D15: =10*$C$5
B16: EUR/JPY | C16: 0.01 | D16: 1000
B17: GBP/JPY | C17: 0.01 | D17: 1000
B18: AUD/JPY | C18: 0.01 | D18: 1000
B19: NZD/JPY | C19: 0.01 | D19: 1000
B20: CAD/JPY | C20: 0.01 | D20: 1000
B21: CHF/JPY | C21: 0.01 | D21: 1000
B22: ZAR/JPY | C22: 0.01 | D22: 1000
B23: EUR/GBP | C23: 0.0001 | D23: =10*$C$5
B25: 📌 このスプレッドシートは「手動トレード」専用です。 5 手法のシート (ORZ/PDHL/BOTH/CLAUDE/TRIPLE) に それぞれのトレードを記録すると、📊ダッシュボードで 横並び比較ができます。 黄色いセル (C3〜C5) は自分の運用に合わせて変更可。
