Workbook

Sheet ダッシュボード
B2: 📊 FX Trade Journal · Dashboard
B3: 毎日 5 分、トレードしたら『取引履歴』シートに 1 行追加するだけで自動集計されます。
B5: 総トレード | C5: 勝率 | D5: 累計 R | E5: 期待値 (R) | F5: Profit Factor | G5: 累計損益 (¥)
B6: =COUNT(取引履歴!P:P) | C6: =IFERROR(COUNTIF(取引履歴!P:P,">0")/COUNT(取引履歴!P:P),0) | D6: =SUM(取引履歴!P:P) | E6: =IFERROR(AVERAGE(取引履歴!P:P),0) | F6: =IFERROR(SUMIF(取引履歴!P:P,">0")/-SUMIF(取引履歴!P:P,"<0"),0) | G6: =SUM(取引履歴!S:S)
D7: RR | E7: per trade
B10: 🛡 リスク管理 / 連敗連勝 | E10: 🎯 手法別パフォーマンス
B11: 最大連勝 | C11: =IF(COUNT(取引履歴!P:P)=0,0,MAX(取引履歴!U:U)) | E11: 手法 | F11: 件数 | G11: 勝率 | H11: EV (R)
B12: 最大連敗 | C12: =IF(COUNT(取引履歴!P:P)=0,0,MIN(取引履歴!U:U)) | E12: TRIPLE | F12: =COUNTIF(取引履歴!D:D,"TRIPLE") | G12: =IFERROR(COUNTIFS(取引履歴!D:D,"TRIPLE",取引履歴!P:P,">0")/COUNTIF(取引履歴!D:D,"TRIPLE"),0) | H12: =IFERROR(SUMIF(取引履歴!D:D,"TRIPLE",取引履歴!P:P)/COUNTIF(取引履歴!D:D,"TRIPLE"),0)
B13: 最大ドローダウン | C13: =IF(COUNT(取引履歴!P:P)=0,0,MAX(取引履歴!Q:Q)-MIN(取引履歴!Q:Q)) | E13: ORZ | F13: =COUNTIF(取引履歴!D:D,"ORZ") | G13: =IFERROR(COUNTIFS(取引履歴!D:D,"ORZ",取引履歴!P:P,">0")/COUNTIF(取引履歴!D:D,"ORZ"),0) | H13: =IFERROR(SUMIF(取引履歴!D:D,"ORZ",取引履歴!P:P)/COUNTIF(取引履歴!D:D,"ORZ"),0)
B14: 勝ち平均 R | C14: =IFERROR(AVERAGEIF(取引履歴!P:P,">0"),0) | E14: PDHL | F14: =COUNTIF(取引履歴!D:D,"PDHL") | G14: =IFERROR(COUNTIFS(取引履歴!D:D,"PDHL",取引履歴!P:P,">0")/COUNTIF(取引履歴!D:D,"PDHL"),0) | H14: =IFERROR(SUMIF(取引履歴!D:D,"PDHL",取引履歴!P:P)/COUNTIF(取引履歴!D:D,"PDHL"),0)
B15: 負け平均 R | C15: =IFERROR(AVERAGEIF(取引履歴!P:P,"<0"),0) | E15: BOTH | F15: =COUNTIF(取引履歴!D:D,"BOTH") | G15: =IFERROR(COUNTIFS(取引履歴!D:D,"BOTH",取引履歴!P:P,">0")/COUNTIF(取引履歴!D:D,"BOTH"),0) | H15: =IFERROR(SUMIF(取引履歴!D:D,"BOTH",取引履歴!P:P)/COUNTIF(取引履歴!D:D,"BOTH"),0)
B16: 現在の残高 | C16: =設定!B2+SUM(取引履歴!S:S) | E16: CLAUDE | F16: =COUNTIF(取引履歴!D:D,"CLAUDE") | G16: =IFERROR(COUNTIFS(取引履歴!D:D,"CLAUDE",取引履歴!P:P,">0")/COUNTIF(取引履歴!D:D,"CLAUDE"),0) | H16: =IFERROR(SUMIF(取引履歴!D:D,"CLAUDE",取引履歴!P:P)/COUNTIF(取引履歴!D:D,"CLAUDE"),0)
B18: 💱 通貨ペア別パフォーマンス
B19: 通貨ペア | C19: 件数 | D19: 勝率 | E19: 累計 R | F19: 平均 R | G19: 最終トレード日付
B20: USD/JPY | C20: =COUNTIF(取引履歴!C:C,"USD/JPY") | D20: =IFERROR(COUNTIFS(取引履歴!C:C,"USD/JPY",取引履歴!P:P,">0")/COUNTIF(取引履歴!C:C,"USD/JPY"),0) | E20: =SUMIF(取引履歴!C:C,"USD/JPY",取引履歴!P:P) | F20: =IFERROR(SUMIF(取引履歴!C:C,"USD/JPY",取引履歴!P:P)/COUNTIF(取引履歴!C:C,"USD/JPY"),0) | G20: =IFERROR(MAXIFS(取引履歴!B:B,取引履歴!C:C,"USD/JPY"),"")
B21: EUR/USD | C21: =COUNTIF(取引履歴!C:C,"EUR/USD") | D21: =IFERROR(COUNTIFS(取引履歴!C:C,"EUR/USD",取引履歴!P:P,">0")/COUNTIF(取引履歴!C:C,"EUR/USD"),0) | E21: =SUMIF(取引履歴!C:C,"EUR/USD",取引履歴!P:P) | F21: =IFERROR(SUMIF(取引履歴!C:C,"EUR/USD",取引履歴!P:P)/COUNTIF(取引履歴!C:C,"EUR/USD"),0) | G21: =IFERROR(MAXIFS(取引履歴!B:B,取引履歴!C:C,"EUR/USD"),"")
B22: GBP/USD | C22: =COUNTIF(取引履歴!C:C,"GBP/USD") | D22: =IFERROR(COUNTIFS(取引履歴!C:C,"GBP/USD",取引履歴!P:P,">0")/COUNTIF(取引履歴!C:C,"GBP/USD"),0) | E22: =SUMIF(取引履歴!C:C,"GBP/USD",取引履歴!P:P) | F22: =IFERROR(SUMIF(取引履歴!C:C,"GBP/USD",取引履歴!P:P)/COUNTIF(取引履歴!C:C,"GBP/USD"),0) | G22: =IFERROR(MAXIFS(取引履歴!B:B,取引履歴!C:C,"GBP/USD"),"")
B23: AUD/USD | C23: =COUNTIF(取引履歴!C:C,"AUD/USD") | D23: =IFERROR(COUNTIFS(取引履歴!C:C,"AUD/USD",取引履歴!P:P,">0")/COUNTIF(取引履歴!C:C,"AUD/USD"),0) | E23: =SUMIF(取引履歴!C:C,"AUD/USD",取引履歴!P:P) | F23: =IFERROR(SUMIF(取引履歴!C:C,"AUD/USD",取引履歴!P:P)/COUNTIF(取引履歴!C:C,"AUD/USD"),0) | G23: =IFERROR(MAXIFS(取引履歴!B:B,取引履歴!C:C,"AUD/USD"),"")
B24: NZD/USD | C24: =COUNTIF(取引履歴!C:C,"NZD/USD") | D24: =IFERROR(COUNTIFS(取引履歴!C:C,"NZD/USD",取引履歴!P:P,">0")/COUNTIF(取引履歴!C:C,"NZD/USD"),0) | E24: =SUMIF(取引履歴!C:C,"NZD/USD",取引履歴!P:P) | F24: =IFERROR(SUMIF(取引履歴!C:C,"NZD/USD",取引履歴!P:P)/COUNTIF(取引履歴!C:C,"NZD/USD"),0) | G24: =IFERROR(MAXIFS(取引履歴!B:B,取引履歴!C:C,"NZD/USD"),"")
B25: USD/CAD | C25: =COUNTIF(取引履歴!C:C,"USD/CAD") | D25: =IFERROR(COUNTIFS(取引履歴!C:C,"USD/CAD",取引履歴!P:P,">0")/COUNTIF(取引履歴!C:C,"USD/CAD"),0) | E25: =SUMIF(取引履歴!C:C,"USD/CAD",取引履歴!P:P) | F25: =IFERROR(SUMIF(取引履歴!C:C,"USD/CAD",取引履歴!P:P)/COUNTIF(取引履歴!C:C,"USD/CAD"),0) | G25: =IFERROR(MAXIFS(取引履歴!B:B,取引履歴!C:C,"USD/CAD"),"")
B26: USD/CHF | C26: =COUNTIF(取引履歴!C:C,"USD/CHF") | D26: =IFERROR(COUNTIFS(取引履歴!C:C,"USD/CHF",取引履歴!P:P,">0")/COUNTIF(取引履歴!C:C,"USD/CHF"),0) | E26: =SUMIF(取引履歴!C:C,"USD/CHF",取引履歴!P:P) | F26: =IFERROR(SUMIF(取引履歴!C:C,"USD/CHF",取引履歴!P:P)/COUNTIF(取引履歴!C:C,"USD/CHF"),0) | G26: =IFERROR(MAXIFS(取引履歴!B:B,取引履歴!C:C,"USD/CHF"),"")
B27: EUR/JPY | C27: =COUNTIF(取引履歴!C:C,"EUR/JPY") | D27: =IFERROR(COUNTIFS(取引履歴!C:C,"EUR/JPY",取引履歴!P:P,">0")/COUNTIF(取引履歴!C:C,"EUR/JPY"),0) | E27: =SUMIF(取引履歴!C:C,"EUR/JPY",取引履歴!P:P) | F27: =IFERROR(SUMIF(取引履歴!C:C,"EUR/JPY",取引履歴!P:P)/COUNTIF(取引履歴!C:C,"EUR/JPY"),0) | G27: =IFERROR(MAXIFS(取引履歴!B:B,取引履歴!C:C,"EUR/JPY"),"")
B28: GBP/JPY | C28: =COUNTIF(取引履歴!C:C,"GBP/JPY") | D28: =IFERROR(COUNTIFS(取引履歴!C:C,"GBP/JPY",取引履歴!P:P,">0")/COUNTIF(取引履歴!C:C,"GBP/JPY"),0) | E28: =SUMIF(取引履歴!C:C,"GBP/JPY",取引履歴!P:P) | F28: =IFERROR(SUMIF(取引履歴!C:C,"GBP/JPY",取引履歴!P:P)/COUNTIF(取引履歴!C:C,"GBP/JPY"),0) | G28: =IFERROR(MAXIFS(取引履歴!B:B,取引履歴!C:C,"GBP/JPY"),"")
B29: AUD/JPY | C29: =COUNTIF(取引履歴!C:C,"AUD/JPY") | D29: =IFERROR(COUNTIFS(取引履歴!C:C,"AUD/JPY",取引履歴!P:P,">0")/COUNTIF(取引履歴!C:C,"AUD/JPY"),0) | E29: =SUMIF(取引履歴!C:C,"AUD/JPY",取引履歴!P:P) | F29: =IFERROR(SUMIF(取引履歴!C:C,"AUD/JPY",取引履歴!P:P)/COUNTIF(取引履歴!C:C,"AUD/JPY"),0) | G29: =IFERROR(MAXIFS(取引履歴!B:B,取引履歴!C:C,"AUD/JPY"),"")
B30: NZD/JPY | C30: =COUNTIF(取引履歴!C:C,"NZD/JPY") | D30: =IFERROR(COUNTIFS(取引履歴!C:C,"NZD/JPY",取引履歴!P:P,">0")/COUNTIF(取引履歴!C:C,"NZD/JPY"),0) | E30: =SUMIF(取引履歴!C:C,"NZD/JPY",取引履歴!P:P) | F30: =IFERROR(SUMIF(取引履歴!C:C,"NZD/JPY",取引履歴!P:P)/COUNTIF(取引履歴!C:C,"NZD/JPY"),0) | G30: =IFERROR(MAXIFS(取引履歴!B:B,取引履歴!C:C,"NZD/JPY"),"")
B31: CAD/JPY | C31: =COUNTIF(取引履歴!C:C,"CAD/JPY") | D31: =IFERROR(COUNTIFS(取引履歴!C:C,"CAD/JPY",取引履歴!P:P,">0")/COUNTIF(取引履歴!C:C,"CAD/JPY"),0) | E31: =SUMIF(取引履歴!C:C,"CAD/JPY",取引履歴!P:P) | F31: =IFERROR(SUMIF(取引履歴!C:C,"CAD/JPY",取引履歴!P:P)/COUNTIF(取引履歴!C:C,"CAD/JPY"),0) | G31: =IFERROR(MAXIFS(取引履歴!B:B,取引履歴!C:C,"CAD/JPY"),"")
B32: CHF/JPY | C32: =COUNTIF(取引履歴!C:C,"CHF/JPY") | D32: =IFERROR(COUNTIFS(取引履歴!C:C,"CHF/JPY",取引履歴!P:P,">0")/COUNTIF(取引履歴!C:C,"CHF/JPY"),0) | E32: =SUMIF(取引履歴!C:C,"CHF/JPY",取引履歴!P:P) | F32: =IFERROR(SUMIF(取引履歴!C:C,"CHF/JPY",取引履歴!P:P)/COUNTIF(取引履歴!C:C,"CHF/JPY"),0) | G32: =IFERROR(MAXIFS(取引履歴!B:B,取引履歴!C:C,"CHF/JPY"),"")
B33: ZAR/JPY | C33: =COUNTIF(取引履歴!C:C,"ZAR/JPY") | D33: =IFERROR(COUNTIFS(取引履歴!C:C,"ZAR/JPY",取引履歴!P:P,">0")/COUNTIF(取引履歴!C:C,"ZAR/JPY"),0) | E33: =SUMIF(取引履歴!C:C,"ZAR/JPY",取引履歴!P:P) | F33: =IFERROR(SUMIF(取引履歴!C:C,"ZAR/JPY",取引履歴!P:P)/COUNTIF(取引履歴!C:C,"ZAR/JPY"),0) | G33: =IFERROR(MAXIFS(取引履歴!B:B,取引履歴!C:C,"ZAR/JPY"),"")
B34: EUR/GBP | C34: =COUNTIF(取引履歴!C:C,"EUR/GBP") | D34: =IFERROR(COUNTIFS(取引履歴!C:C,"EUR/GBP",取引履歴!P:P,">0")/COUNTIF(取引履歴!C:C,"EUR/GBP"),0) | E34: =SUMIF(取引履歴!C:C,"EUR/GBP",取引履歴!P:P) | F34: =IFERROR(SUMIF(取引履歴!C:C,"EUR/GBP",取引履歴!P:P)/COUNTIF(取引履歴!C:C,"EUR/GBP"),0) | G34: =IFERROR(MAXIFS(取引履歴!B:B,取引履歴!C:C,"EUR/GBP"),"")
B37: 💡 使い方: 右の「取引履歴」シートに、トレードした日付・ペア・手法などを入力するだけ。すべての集計はこのページで自動更新されます。

Sheet 取引履歴
A1: # | B1: 日付 | C1: 通貨ペア | D1: 手法 | E1: 方向 | F1: スコア | G1: Entry時刻 | H1: Entry価格 | I1: SL価格 | J1: TP価格 | K1: ロット | L1: 決済価格 | M1: 決済理由 | N1: SL pips | O1: 計画RR | P1: 損益 pips | Q1: R-mult | R1: 累計 R | S1: 損益 ¥ | T1: メモ
A2: =IF(ISBLANK(B2),"",COUNTA($B$2:B2)) | B2: 2026/5/15 | C2: USD/JPY | D2: TRIPLE | E2: Long | F2: 85 | G2: 10:30 | H2: 157.2 | I2: 156.8 | J2: 158.4 | K2: 0.1 | L2: 158.4 | M2: TP | N2: =IFERROR(IF(ISBLANK(H2),"",ABS(H2-I2)/VLOOKUP(C2,設定!$B$9:$D$23,2,FALSE)),"") | O2: =IFERROR(IF(ISBLANK(J2),"",ABS(J2-H2)/ABS(H2-I2)),"") | P2: =IFERROR(IF(OR(ISBLANK(L2),ISBLANK(E2)),"",IF(E2="Long",(L2-H2),(H2-L2))/VLOOKUP(C2,設定!$B$9:$D$23,2,FALSE)),"") | Q2: =IFERROR(IF(OR(ISBLANK(P2),N2=0),"",P2/N2),"") | R2: =IFERROR(IF(ISBLANK(Q2),"",Q2),"") | S2: =IFERROR(IF(OR(ISBLANK(P2),ISBLANK(K2)),"",P2*K2*VLOOKUP(C2,設定!$B$9:$D$23,3,FALSE)),"") | T2: TRIPLE 合意、東京時間。3R hit
A3: =IF(ISBLANK(B3),"",COUNTA($B$2:B3)) | B3: 2026/5/16 | C3: EUR/USD | D3: PDHL | E3: Short | F3: 78 | G3: 16:15 | H3: 1.085 | I3: 1.089 | J3: 1.077 | K3: 0.1 | L3: 1.089 | M3: SL | N3: =IFERROR(IF(ISBLANK(H3),"",ABS(H3-I3)/VLOOKUP(C3,設定!$B$9:$D$23,2,FALSE)),"") | O3: =IFERROR(IF(ISBLANK(J3),"",ABS(J3-H3)/ABS(H3-I3)),"") | P3: =IFERROR(IF(OR(ISBLANK(L3),ISBLANK(E3)),"",IF(E3="Long",(L3-H3),(H3-L3))/VLOOKUP(C3,設定!$B$9:$D$23,2,FALSE)),"") | Q3: =IFERROR(IF(OR(ISBLANK(P3),N3=0),"",P3/N3),"") | R3: =IFERROR(IF(ISBLANK(Q3),R2,IF(ISNUMBER(R2),R2,0)+Q3),"") | S3: =IFERROR(IF(OR(ISBLANK(P3),ISBLANK(K3)),"",P3*K3*VLOOKUP(C3,設定!$B$9:$D$23,3,FALSE)),"") | T3: PDL break fail, ロンドン時間
A4: =IF(ISBLANK(B4),"",COUNTA($B$2:B4)) | B4: 2026/5/17 | C4: GBP/JPY | D4: TRIPLE | E4: Long | F4: 88 | G4: 21:00 | H4: 195.5 | I4: 194.8 | J4: 197.6 | K4: 0.05 | L4: 195.8 | M4: 手動 | N4: =IFERROR(IF(ISBLANK(H4),"",ABS(H4-I4)/VLOOKUP(C4,設定!$B$9:$D$23,2,FALSE)),"") | O4: =IFERROR(IF(ISBLANK(J4),"",ABS(J4-H4)/ABS(H4-I4)),"") | P4: =IFERROR(IF(OR(ISBLANK(L4),ISBLANK(E4)),"",IF(E4="Long",(L4-H4),(H4-L4))/VLOOKUP(C4,設定!$B$9:$D$23,2,FALSE)),"") | Q4: =IFERROR(IF(OR(ISBLANK(P4),N4=0),"",P4/N4),"") | R4: =IFERROR(IF(ISBLANK(Q4),R3,IF(ISNUMBER(R3),R3,0)+Q4),"") | S4: =IFERROR(IF(OR(ISBLANK(P4),ISBLANK(K4)),"",P4*K4*VLOOKUP(C4,設定!$B$9:$D$23,3,FALSE)),"") | T4: NY 時間に手動利確 (急騰警戒)
A5: =IF(ISBLANK(B5),"",COUNTA($B$2:B5)) | N5: =IFERROR(IF(ISBLANK(H5),"",ABS(H5-I5)/VLOOKUP(C5,設定!$B$9:$D$23,2,FALSE)),"") | O5: =IFERROR(IF(ISBLANK(J5),"",ABS(J5-H5)/ABS(H5-I5)),"") | P5: =IFERROR(IF(OR(ISBLANK(L5),ISBLANK(E5)),"",IF(E5="Long",(L5-H5),(H5-L5))/VLOOKUP(C5,設定!$B$9:$D$23,2,FALSE)),"") | Q5: =IFERROR(IF(OR(ISBLANK(P5),N5=0),"",P5/N5),"") | R5: =IFERROR(IF(ISBLANK(Q5),R4,IF(ISNUMBER(R4),R4,0)+Q5),"") | S5: =IFERROR(IF(OR(ISBLANK(P5),ISBLANK(K5)),"",P5*K5*VLOOKUP(C5,設定!$B$9:$D$23,3,FALSE)),"")
A6: =IF(ISBLANK(B6),"",COUNTA($B$2:B6)) | N6: =IFERROR(IF(ISBLANK(H6),"",ABS(H6-I6)/VLOOKUP(C6,設定!$B$9:$D$23,2,FALSE)),"") | O6: =IFERROR(IF(ISBLANK(J6),"",ABS(J6-H6)/ABS(H6-I6)),"") | P6: =IFERROR(IF(OR(ISBLANK(L6),ISBLANK(E6)),"",IF(E6="Long",(L6-H6),(H6-L6))/VLOOKUP(C6,設定!$B$9:$D$23,2,FALSE)),"") | Q6: =IFERROR(IF(OR(ISBLANK(P6),N6=0),"",P6/N6),"") | R6: =IFERROR(IF(ISBLANK(Q6),R5,IF(ISNUMBER(R5),R5,0)+Q6),"") | S6: =IFERROR(IF(OR(ISBLANK(P6),ISBLANK(K6)),"",P6*K6*VLOOKUP(C6,設定!$B$9:$D$23,3,FALSE)),"")
A7: =IF(ISBLANK(B7),"",COUNTA($B$2:B7)) | N7: =IFERROR(IF(ISBLANK(H7),"",ABS(H7-I7)/VLOOKUP(C7,設定!$B$9:$D$23,2,FALSE)),"") | O7: =IFERROR(IF(ISBLANK(J7),"",ABS(J7-H7)/ABS(H7-I7)),"") | P7: =IFERROR(IF(OR(ISBLANK(L7),ISBLANK(E7)),"",IF(E7="Long",(L7-H7),(H7-L7))/VLOOKUP(C7,設定!$B$9:$D$23,2,FALSE)),"") | Q7: =IFERROR(IF(OR(ISBLANK(P7),N7=0),"",P7/N7),"") | R7: =IFERROR(IF(ISBLANK(Q7),R6,IF(ISNUMBER(R6),R6,0)+Q7),"") | S7: =IFERROR(IF(OR(ISBLANK(P7),ISBLANK(K7)),"",P7*K7*VLOOKUP(C7,設定!$B$9:$D$23,3,FALSE)),"")
A8: =IF(ISBLANK(B8),"",COUNTA($B$2:B8)) | N8: =IFERROR(IF(ISBLANK(H8),"",ABS(H8-I8)/VLOOKUP(C8,設定!$B$9:$D$23,2,FALSE)),"") | O8: =IFERROR(IF(ISBLANK(J8),"",ABS(J8-H8)/ABS(H8-I8)),"") | P8: =IFERROR(IF(OR(ISBLANK(L8),ISBLANK(E8)),"",IF(E8="Long",(L8-H8),(H8-L8))/VLOOKUP(C8,設定!$B$9:$D$23,2,FALSE)),"") | Q8: =IFERROR(IF(OR(ISBLANK(P8),N8=0),"",P8/N8),"") | R8: =IFERROR(IF(ISBLANK(Q8),R7,IF(ISNUMBER(R7),R7,0)+Q8),"") | S8: =IFERROR(IF(OR(ISBLANK(P8),ISBLANK(K8)),"",P8*K8*VLOOKUP(C8,設定!$B$9:$D$23,3,FALSE)),"")
A9: =IF(ISBLANK(B9),"",COUNTA($B$2:B9)) | N9: =IFERROR(IF(ISBLANK(H9),"",ABS(H9-I9)/VLOOKUP(C9,設定!$B$9:$D$23,2,FALSE)),"") | O9: =IFERROR(IF(ISBLANK(J9),"",ABS(J9-H9)/ABS(H9-I9)),"") | P9: =IFERROR(IF(OR(ISBLANK(L9),ISBLANK(E9)),"",IF(E9="Long",(L9-H9),(H9-L9))/VLOOKUP(C9,設定!$B$9:$D$23,2,FALSE)),"") | Q9: =IFERROR(IF(OR(ISBLANK(P9),N9=0),"",P9/N9),"") | R9: =IFERROR(IF(ISBLANK(Q9),R8,IF(ISNUMBER(R8),R8,0)+Q9),"") | S9: =IFERROR(IF(OR(ISBLANK(P9),ISBLANK(K9)),"",P9*K9*VLOOKUP(C9,設定!$B$9:$D$23,3,FALSE)),"")
A10: =IF(ISBLANK(B10),"",COUNTA($B$2:B10)) | N10: =IFERROR(IF(ISBLANK(H10),"",ABS(H10-I10)/VLOOKUP(C10,設定!$B$9:$D$23,2,FALSE)),"") | O10: =IFERROR(IF(ISBLANK(J10),"",ABS(J10-H10)/ABS(H10-I10)),"") | P10: =IFERROR(IF(OR(ISBLANK(L10),ISBLANK(E10)),"",IF(E10="Long",(L10-H10),(H10-L10))/VLOOKUP(C10,設定!$B$9:$D$23,2,FALSE)),"") | Q10: =IFERROR(IF(OR(ISBLANK(P10),N10=0),"",P10/N10),"") | R10: =IFERROR(IF(ISBLANK(Q10),R9,IF(ISNUMBER(R9),R9,0)+Q10),"") | S10: =IFERROR(IF(OR(ISBLANK(P10),ISBLANK(K10)),"",P10*K10*VLOOKUP(C10,設定!$B$9:$D$23,3,FALSE)),"")
A11: =IF(ISBLANK(B11),"",COUNTA($B$2:B11)) | N11: =IFERROR(IF(ISBLANK(H11),"",ABS(H11-I11)/VLOOKUP(C11,設定!$B$9:$D$23,2,FALSE)),"") | O11: =IFERROR(IF(ISBLANK(J11),"",ABS(J11-H11)/ABS(H11-I11)),"") | P11: =IFERROR(IF(OR(ISBLANK(L11),ISBLANK(E11)),"",IF(E11="Long",(L11-H11),(H11-L11))/VLOOKUP(C11,設定!$B$9:$D$23,2,FALSE)),"") | Q11: =IFERROR(IF(OR(ISBLANK(P11),N11=0),"",P11/N11),"") | R11: =IFERROR(IF(ISBLANK(Q11),R10,IF(ISNUMBER(R10),R10,0)+Q11),"") | S11: =IFERROR(IF(OR(ISBLANK(P11),ISBLANK(K11)),"",P11*K11*VLOOKUP(C11,設定!$B$9:$D$23,3,FALSE)),"")
A12: =IF(ISBLANK(B12),"",COUNTA($B$2:B12)) | N12: =IFERROR(IF(ISBLANK(H12),"",ABS(H12-I12)/VLOOKUP(C12,設定!$B$9:$D$23,2,FALSE)),"") | O12: =IFERROR(IF(ISBLANK(J12),"",ABS(J12-H12)/ABS(H12-I12)),"") | P12: =IFERROR(IF(OR(ISBLANK(L12),ISBLANK(E12)),"",IF(E12="Long",(L12-H12),(H12-L12))/VLOOKUP(C12,設定!$B$9:$D$23,2,FALSE)),"") | Q12: =IFERROR(IF(OR(ISBLANK(P12),N12=0),"",P12/N12),"") | R12: =IFERROR(IF(ISBLANK(Q12),R11,IF(ISNUMBER(R11),R11,0)+Q12),"") | S12: =IFERROR(IF(OR(ISBLANK(P12),ISBLANK(K12)),"",P12*K12*VLOOKUP(C12,設定!$B$9:$D$23,3,FALSE)),"")
A13: =IF(ISBLANK(B13),"",COUNTA($B$2:B13)) | N13: =IFERROR(IF(ISBLANK(H13),"",ABS(H13-I13)/VLOOKUP(C13,設定!$B$9:$D$23,2,FALSE)),"") | O13: =IFERROR(IF(ISBLANK(J13),"",ABS(J13-H13)/ABS(H13-I13)),"") | P13: =IFERROR(IF(OR(ISBLANK(L13),ISBLANK(E13)),"",IF(E13="Long",(L13-H13),(H13-L13))/VLOOKUP(C13,設定!$B$9:$D$23,2,FALSE)),"") | Q13: =IFERROR(IF(OR(ISBLANK(P13),N13=0),"",P13/N13),"") | R13: =IFERROR(IF(ISBLANK(Q13),R12,IF(ISNUMBER(R12),R12,0)+Q13),"") | S13: =IFERROR(IF(OR(ISBLANK(P13),ISBLANK(K13)),"",P13*K13*VLOOKUP(C13,設定!$B$9:$D$23,3,FALSE)),"")
A14: =IF(ISBLANK(B14),"",COUNTA($B$2:B14)) | N14: =IFERROR(IF(ISBLANK(H14),"",ABS(H14-I14)/VLOOKUP(C14,設定!$B$9:$D$23,2,FALSE)),"") | O14: =IFERROR(IF(ISBLANK(J14),"",ABS(J14-H14)/ABS(H14-I14)),"") | P14: =IFERROR(IF(OR(ISBLANK(L14),ISBLANK(E14)),"",IF(E14="Long",(L14-H14),(H14-L14))/VLOOKUP(C14,設定!$B$9:$D$23,2,FALSE)),"") | Q14: =IFERROR(IF(OR(ISBLANK(P14),N14=0),"",P14/N14),"") | R14: =IFERROR(IF(ISBLANK(Q14),R13,IF(ISNUMBER(R13),R13,0)+Q14),"") | S14: =IFERROR(IF(OR(ISBLANK(P14),ISBLANK(K14)),"",P14*K14*VLOOKUP(C14,設定!$B$9:$D$23,3,FALSE)),"")
A15: =IF(ISBLANK(B15),"",COUNTA($B$2:B15)) | N15: =IFERROR(IF(ISBLANK(H15),"",ABS(H15-I15)/VLOOKUP(C15,設定!$B$9:$D$23,2,FALSE)),"") | O15: =IFERROR(IF(ISBLANK(J15),"",ABS(J15-H15)/ABS(H15-I15)),"") | P15: =IFERROR(IF(OR(ISBLANK(L15),ISBLANK(E15)),"",IF(E15="Long",(L15-H15),(H15-L15))/VLOOKUP(C15,設定!$B$9:$D$23,2,FALSE)),"") | Q15: =IFERROR(IF(OR(ISBLANK(P15),N15=0),"",P15/N15),"") | R15: =IFERROR(IF(ISBLANK(Q15),R14,IF(ISNUMBER(R14),R14,0)+Q15),"") | S15: =IFERROR(IF(OR(ISBLANK(P15),ISBLANK(K15)),"",P15*K15*VLOOKUP(C15,設定!$B$9:$D$23,3,FALSE)),"")
A16: =IF(ISBLANK(B16),"",COUNTA($B$2:B16)) | N16: =IFERROR(IF(ISBLANK(H16),"",ABS(H16-I16)/VLOOKUP(C16,設定!$B$9:$D$23,2,FALSE)),"") | O16: =IFERROR(IF(ISBLANK(J16),"",ABS(J16-H16)/ABS(H16-I16)),"") | P16: =IFERROR(IF(OR(ISBLANK(L16),ISBLANK(E16)),"",IF(E16="Long",(L16-H16),(H16-L16))/VLOOKUP(C16,設定!$B$9:$D$23,2,FALSE)),"") | Q16: =IFERROR(IF(OR(ISBLANK(P16),N16=0),"",P16/N16),"") | R16: =IFERROR(IF(ISBLANK(Q16),R15,IF(ISNUMBER(R15),R15,0)+Q16),"") | S16: =IFERROR(IF(OR(ISBLANK(P16),ISBLANK(K16)),"",P16*K16*VLOOKUP(C16,設定!$B$9:$D$23,3,FALSE)),"")
... A501: =IF(ISBLANK(B501),"",COUNTA($B$2:B501)) | N501: =IFERROR(IF(ISBLANK(H501),"",ABS(H501-I501)/VLOOKUP(C501,設定!$B$9:$D$23,2,FALSE)),"") | O501: =IFERROR(IF(ISBLANK(J501),"",ABS(J501-H501)/ABS(H501-I501)),"") | P501: =IFERROR(IF(OR(ISBLANK(L501),ISBLANK(E501)),"",IF(E501="Long",(L501-H501),(H501-L501))/VLOOKUP(C501,設定!$B$9:$D$23,2,FALSE)),"") | Q501: =IFERROR(IF(OR(ISBLANK(P501),N501=0),"",P501/N501),"") | R501: =IFERROR(IF(ISBLANK(Q501),R500,IF(ISNUMBER(R500),R500,0)+Q501),"") | S501: =IFERROR(IF(OR(ISBLANK(P501),ISBLANK(K501)),"",P501*K501*VLOOKUP(C501,設定!$B$9:$D$23,3,FALSE)),"")

Sheet 設定
B2: ⚙️ 設定 / Configuration
B3: 開始残高 (¥) | C3: 1000000
B4: 1 トレード リスク (%) | C4: 0.5
B5: USD/JPY 概算レート | C5: 155
B7: 💱 通貨ペア別 pip 設定
B8: 通貨ペア | C8: pip サイズ | D8: 1pip × 1 lot (¥)
B9: USD/JPY | C9: 0.01 | D9: 1000
B10: EUR/USD | C10: 0.0001 | D10: =10*$C$5
B11: GBP/USD | C11: 0.0001 | D11: =10*$C$5
B12: AUD/USD | C12: 0.0001 | D12: =10*$C$5
B13: NZD/USD | C13: 0.0001 | D13: =10*$C$5
B14: USD/CAD | C14: 0.0001 | D14: =10*$C$5
B15: USD/CHF | C15: 0.0001 | D15: =10*$C$5
B16: EUR/JPY | C16: 0.01 | D16: 1000
B17: GBP/JPY | C17: 0.01 | D17: 1000
B18: AUD/JPY | C18: 0.01 | D18: 1000
B19: NZD/JPY | C19: 0.01 | D19: 1000
B20: CAD/JPY | C20: 0.01 | D20: 1000
B21: CHF/JPY | C21: 0.01 | D21: 1000
B22: ZAR/JPY | C22: 0.01 | D22: 1000
B23: EUR/GBP | C23: 0.0001 | D23: =10*$C$5
B25: 📌 黄色いセル (C3〜C5) を自分の運用に合わせて変更してください。 ・「開始残高」: 口座にいくらから始めるか ・「1 トレード リスク」: 1 つのトレードで失っても良い % (推奨 0.3〜1.0%) ・「USD/JPY 概算レート」: 非 JPY ペアの円換算用。月次で更新を推奨
